,Sample,PCR_Round,DNA_Round,Batch,X18S,Nosema,Transect.ID,Individual.ID,Box,Year,Site,Visit,Site_Visit,Lat,Long,Date_Collected,Type,Family,Genus,Species,Code,Sex,Date_ID,Initials,Selected.,Dissected.,Dissection.Date,Intials,Dis..Box,RNA.Box,DNA.Box,Notes,VisitDur,VisitNum,VisitRichnessPerFlower,APIS_visits,BOMB_visits,APIS_freq,BOMB_freq,Native_visits,Other_visits,Native_freq,Other_freq,APIS_dur,APIS_dur2,APIS_dur3,APIS_dur4,APIS_dur5,APIS_visitdur,APIS_visitdur2,APIS_visitdur3,APIS_visitdur4,APIS_visitdur5,BOMB_dur,BOMB_dur2,BOMB_dur3,BOMB_dur4,BOMB_dur5,BOMB_visitdur,BOMB_visitdur2,BOMB_visitdur3,BOMB_visitdur4,BOMB_visitdur5,Other_dur,Other_dur2,Other_dur3,Other_dur4,Other_dur5,Other_visitdur,Other_visitdur2,Other_visitdur3,Other_visitdur4,Other_visitdur5,VisitShannon
1,2342,1,1,1,1,1,BP16B1N,BP16B1N-27,27,2016,BP,1,BP1,42.5732,-84.38707,8/10/2016,Bee,Apidae,Apis,mellifera,APME,Female,12/8/2016,MZ,Y,Yes,5/1/2017,MZ,6,6,4,,195.25,7.375,2.5,1.875,3.25,0.291666666666667,0.491937229437229,4.875,1.625,0.746103896103896,0.254166666666667,46.25,10,0.625,9.875,25.75,12.7380952380952,4.95238095238095,0.3125,1.89880952380952,5.57440476190476,94.625,5,0,8.25,80.875,15.4916666666667,0.890625,0,1.43020833333333,13.1083333333333,41.75,20.875,6.625,4.625,9.625,12.172619047619,7.33333333333333,2.23809523809524,0.708333333333333,1.89285714285714,0.652935063363089
2,2348,1,1,1,1,0,BP16B1N,BP16B1N-33,27,2016,BP,1,BP1,42.5732,-84.38707,8/10/2016,Bee,Apidae,Apis,mellifera,APME,Female,12/8/2016,MZ,Y,Yes,5/1/2017,MZ,6,6,4,,195.25,7.375,2.5,1.875,3.25,0.291666666666667,0.491937229437229,4.875,1.625,0.746103896103896,0.254166666666667,46.25,10,0.625,9.875,25.75,12.7380952380952,4.95238095238095,0.3125,1.89880952380952,5.57440476190476,94.625,5,0,8.25,80.875,15.4916666666667,0.890625,0,1.43020833333333,13.1083333333333,41.75,20.875,6.625,4.625,9.625,12.172619047619,7.33333333333333,2.23809523809524,0.708333333333333,1.89285714285714,0.652935063363089
3,2341,1,1,1,1,1,BP16B1N,BP16B1N-26,27,2016,BP,1,BP1,42.5732,-84.38707,8/10/2016,Bee,Apidae,Apis,mellifera,APME,Female,12/8/2016,MZ,Y,Yes,5/17/2017,MZ,8,8,5,,195.25,7.375,2.5,1.875,3.25,0.291666666666667,0.491937229437229,4.875,1.625,0.746103896103896,0.254166666666667,46.25,10,0.625,9.875,25.75,12.7380952380952,4.95238095238095,0.3125,1.89880952380952,5.57440476190476,94.625,5,0,8.25,80.875,15.4916666666667,0.890625,0,1.43020833333333,13.1083333333333,41.75,20.875,6.625,4.625,9.625,12.172619047619,7.33333333333333,2.23809523809524,0.708333333333333,1.89285714285714,0.652935063363089
4,2352,1,1,1,1,1,BP16B1N,BP16B1N-37,27,2016,BP,1,BP1,42.5732,-84.38707,8/10/2016,Bee,Apidae,Apis,mellifera,APME,Female,12/9/2016,MZ,Y,Yes,5/17/2017,MZ,8,8,5,,195.25,7.375,2.5,1.875,3.25,0.291666666666667,0.491937229437229,4.875,1.625,0.746103896103896,0.254166666666667,46.25,10,0.625,9.875,25.75,12.7380952380952,4.95238095238095,0.3125,1.89880952380952,5.57440476190476,94.625,5,0,8.25,80.875,15.4916666666667,0.890625,0,1.43020833333333,13.1083333333333,41.75,20.875,6.625,4.625,9.625,12.172619047619,7.33333333333333,2.23809523809524,0.708333333333333,1.89285714285714,0.652935063363089
5,2318,1,1,1,1,0,BP16A1N,BP16A1N-3,27,2016,BP,1,BP1,42.5732,-84.38707,8/10/2016,Bee,Apidae,Apis,mellifera,APME,Female,12/8/2016,MZ,Y,Yes,6/22/2017,MZ,10,10,6,,195.25,7.375,2.5,1.875,3.25,0.291666666666667,0.491937229437229,4.875,1.625,0.746103896103896,0.254166666666667,46.25,10,0.625,9.875,25.75,12.7380952380952,4.95238095238095,0.3125,1.89880952380952,5.57440476190476,94.625,5,0,8.25,80.875,15.4916666666667,0.890625,0,1.43020833333333,13.1083333333333,41.75,20.875,6.625,4.625,9.625,12.172619047619,7.33333333333333,2.23809523809524,0.708333333333333,1.89285714285714,0.652935063363089
6,2345,1,1,1,1,0,BP16B1N,BP16B1N-30,27,2016,BP,1,BP1,42.5732,-84.38707,8/10/2016,Bee,Apidae,Apis,mellifera,APME,Female,12/8/2016,MZ,Y,Yes,6/19/2017,MZ,9,9,6,,195.25,7.375,2.5,1.875,3.25,0.291666666666667,0.491937229437229,4.875,1.625,0.746103896103896,0.254166666666667,46.25,10,0.625,9.875,25.75,12.7380952380952,4.95238095238095,0.3125,1.89880952380952,5.57440476190476,94.625,5,0,8.25,80.875,15.4916666666667,0.890625,0,1.43020833333333,13.1083333333333,41.75,20.875,6.625,4.625,9.625,12.172619047619,7.33333333333333,2.23809523809524,0.708333333333333,1.89285714285714,0.652935063363089
7,2316,1,1,1,1,0,BP16A1N,BP16A1N-1,27,2016,BP,1,BP1,42.5732,-84.38707,8/10/2016,Bee,Apidae,Apis,mellifera,APME,Female,12/8/2016,MZ,Y,Yes,7/6/2017,MZ,11,11,7,,195.25,7.375,2.5,1.875,3.25,0.291666666666667,0.491937229437229,4.875,1.625,0.746103896103896,0.254166666666667,46.25,10,0.625,9.875,25.75,12.7380952380952,4.95238095238095,0.3125,1.89880952380952,5.57440476190476,94.625,5,0,8.25,80.875,15.4916666666667,0.890625,0,1.43020833333333,13.1083333333333,41.75,20.875,6.625,4.625,9.625,12.172619047619,7.33333333333333,2.23809523809524,0.708333333333333,1.89285714285714,0.652935063363089
8,2327,1,1,1,1,1,BP16A1N,BP16A1N-12,27,2016,BP,1,BP1,42.5732,-84.38707,8/10/2016,Bee,Apidae,Bombus,impatiens,BOIM,Female,12/8/2016,MZ,Y,Yes,5/11/2017,MZ,7,7,4,,195.25,7.375,2.5,1.875,3.25,0.291666666666667,0.491937229437229,4.875,1.625,0.746103896103896,0.254166666666667,46.25,10,0.625,9.875,25.75,12.7380952380952,4.95238095238095,0.3125,1.89880952380952,5.57440476190476,94.625,5,0,8.25,80.875,15.4916666666667,0.890625,0,1.43020833333333,13.1083333333333,41.75,20.875,6.625,4.625,9.625,12.172619047619,7.33333333333333,2.23809523809524,0.708333333333333,1.89285714285714,0.652935063363089
9,2336,1,1,1,1,1,BP16A1N,BP16A1N-21,27,2016,BP,1,BP1,42.5732,-84.38707,8/10/2016,Bee,Apidae,Bombus,impatiens,BOIM,Female,12/8/2016,MZ,Y,Yes,5/17/2017,MZ,8,8,5,,195.25,7.375,2.5,1.875,3.25,0.291666666666667,0.491937229437229,4.875,1.625,0.746103896103896,0.254166666666667,46.25,10,0.625,9.875,25.75,12.7380952380952,4.95238095238095,0.3125,1.89880952380952,5.57440476190476,94.625,5,0,8.25,80.875,15.4916666666667,0.890625,0,1.43020833333333,13.1083333333333,41.75,20.875,6.625,4.625,9.625,12.172619047619,7.33333333333333,2.23809523809524,0.708333333333333,1.89285714285714,0.652935063363089
10,2388,1,1,1,1,0,BP16D1N,BP16D1N-73,28,2016,BP,1,BP1,42.5732,-84.38707,8/10/2016,Bee,Apidae,Bombus,impatiens,BOIM,Female,12/13/2016,MZ,Y,Yes,6/19/2017,MZ,9,9,6,,195.25,7.375,2.5,1.875,3.25,0.291666666666667,0.491937229437229,4.875,1.625,0.746103896103896,0.254166666666667,46.25,10,0.625,9.875,25.75,12.7380952380952,4.95238095238095,0.3125,1.89880952380952,5.57440476190476,94.625,5,0,8.25,80.875,15.4916666666667,0.890625,0,1.43020833333333,13.1083333333333,41.75,20.875,6.625,4.625,9.625,12.172619047619,7.33333333333333,2.23809523809524,0.708333333333333,1.89285714285714,0.652935063363089
11,2373,1,1,1,1,1,BP16C1N,BP16C1N-58,28,2016,BP,1,BP1,42.5732,-84.38707,8/10/2016,Bee,Apidae,Bombus,impatiens,BOIM,Female,12/13/2016,MZ,Y,Yes,6/19/2017,MZ,9,9,6,,195.25,7.375,2.5,1.875,3.25,0.291666666666667,0.491937229437229,4.875,1.625,0.746103896103896,0.254166666666667,46.25,10,0.625,9.875,25.75,12.7380952380952,4.95238095238095,0.3125,1.89880952380952,5.57440476190476,94.625,5,0,8.25,80.875,15.4916666666667,0.890625,0,1.43020833333333,13.1083333333333,41.75,20.875,6.625,4.625,9.625,12.172619047619,7.33333333333333,2.23809523809524,0.708333333333333,1.89285714285714,0.652935063363089
12,2375,1,1,1,1,1,BP16C1N,BP16C1N-60,28,2016,BP,1,BP1,42.5732,-84.38707,8/10/2016,Bee,Apidae,Bombus,impatiens,BOIM,Female,12/13/2016,MZ,Y,Yes,7/6/2017,MZ,11,11,7,,195.25,7.375,2.5,1.875,3.25,0.291666666666667,0.491937229437229,4.875,1.625,0.746103896103896,0.254166666666667,46.25,10,0.625,9.875,25.75,12.7380952380952,4.95238095238095,0.3125,1.89880952380952,5.57440476190476,94.625,5,0,8.25,80.875,15.4916666666667,0.890625,0,1.43020833333333,13.1083333333333,41.75,20.875,6.625,4.625,9.625,12.172619047619,7.33333333333333,2.23809523809524,0.708333333333333,1.89285714285714,0.652935063363089
13,2358,1,1,1,1,1,BP16B1N,BP16B1N-43,27,2016,BP,1,BP1,42.5732,-84.38707,8/10/2016,Bee,Apidae,Bombus,impatiens,BOIM,Female,12/9/2016,MZ,Y,Yes,7/6/2017,MZ,11,11,7,mite on underside of abdomen,195.25,7.375,2.5,1.875,3.25,0.291666666666667,0.491937229437229,4.875,1.625,0.746103896103896,0.254166666666667,46.25,10,0.625,9.875,25.75,12.7380952380952,4.95238095238095,0.3125,1.89880952380952,5.57440476190476,94.625,5,0,8.25,80.875,15.4916666666667,0.890625,0,1.43020833333333,13.1083333333333,41.75,20.875,6.625,4.625,9.625,12.172619047619,7.33333333333333,2.23809523809524,0.708333333333333,1.89285714285714,0.652935063363089
14,2374,1,1,1,1,1,BP16C1N,BP16C1N-59,28,2016,BP,1,BP1,42.5732,-84.38707,8/10/2016,Bee,Apidae,Bombus,impatiens,BOIM,Female,12/13/2016,MZ,Y,Yes,7/31/2017,MZ,12,12,8,,195.25,7.375,2.5,1.875,3.25,0.291666666666667,0.491937229437229,4.875,1.625,0.746103896103896,0.254166666666667,46.25,10,0.625,9.875,25.75,12.7380952380952,4.95238095238095,0.3125,1.89880952380952,5.57440476190476,94.625,5,0,8.25,80.875,15.4916666666667,0.890625,0,1.43020833333333,13.1083333333333,41.75,20.875,6.625,4.625,9.625,12.172619047619,7.33333333333333,2.23809523809524,0.708333333333333,1.89285714285714,0.652935063363089
15,2379,1,1,1,1,1,BP16C1N,BP16C1N-64,28,2016,BP,1,BP1,42.5732,-84.38707,8/10/2016,Bee,Apidae,Bombus,impatiens,BOIM,Female,12/13/2016,MZ,Y,Yes,7/31/2017,MZ,12,12,8,small individual; wings torn up around edges,195.25,7.375,2.5,1.875,3.25,0.291666666666667,0.491937229437229,4.875,1.625,0.746103896103896,0.254166666666667,46.25,10,0.625,9.875,25.75,12.7380952380952,4.95238095238095,0.3125,1.89880952380952,5.57440476190476,94.625,5,0,8.25,80.875,15.4916666666667,0.890625,0,1.43020833333333,13.1083333333333,41.75,20.875,6.625,4.625,9.625,12.172619047619,7.33333333333333,2.23809523809524,0.708333333333333,1.89285714285714,0.652935063363089
16,4209,1,1,1,1,1,BP16C2N,BP16C2N-96,48,2016,BP,2,BP2,42.5732,-84.38707,8/26/2016,Bee,Apidae,Apis,mellifera,APME,Female,11/15/2016,MZ,Y,Yes,5/2/2017,MZ,6,6,4,,804,18.5,2.25,1.625,15.25,0.0808035714285714,0.799553571428571,16.875,1.625,0.921577380952381,0.12202380952381,155.625,12.125,1.625,4.125,137.75,55.9270833333333,3.10416666666667,0.270833333333333,2.10416666666667,50.4479166666667,466.75,14.625,1.375,53.125,397.625,23.6420755693582,0.764057971014493,0.06875,3.57565217391304,19.2336154244306,60.5,20.75,2.375,4.875,32.5,13.7166666666667,5.36666666666667,0.558333333333333,1.29166666666667,6.5,0.451389617015414
17,4120,1,1,1,1,0,BP16A2N,BP16A2N-7,47,2016,BP,2,BP2,42.5732,-84.38707,8/26/2016,Bee,Apidae,Apis,mellifera,APME,Female,11/10/2016,MZ,Y,Yes,5/18/2017,MZ,8,8,5,,804,18.5,2.25,1.625,15.25,0.0808035714285714,0.799553571428571,16.875,1.625,0.921577380952381,0.12202380952381,155.625,12.125,1.625,4.125,137.75,55.9270833333333,3.10416666666667,0.270833333333333,2.10416666666667,50.4479166666667,466.75,14.625,1.375,53.125,397.625,23.6420755693582,0.764057971014493,0.06875,3.57565217391304,19.2336154244306,60.5,20.75,2.375,4.875,32.5,13.7166666666667,5.36666666666667,0.558333333333333,1.29166666666667,6.5,0.451389617015414
18,4215,1,1,1,1,1,BP16C2N,BP16C2N-102,48,2016,BP,2,BP2,42.5732,-84.38707,8/26/2016,Bee,Apidae,Apis,mellifera,APME,Female,11/15/2016,MZ,Y,Yes,6/19/2017,MZ,9,9,6,,804,18.5,2.25,1.625,15.25,0.0808035714285714,0.799553571428571,16.875,1.625,0.921577380952381,0.12202380952381,155.625,12.125,1.625,4.125,137.75,55.9270833333333,3.10416666666667,0.270833333333333,2.10416666666667,50.4479166666667,466.75,14.625,1.375,53.125,397.625,23.6420755693582,0.764057971014493,0.06875,3.57565217391304,19.2336154244306,60.5,20.75,2.375,4.875,32.5,13.7166666666667,5.36666666666667,0.558333333333333,1.29166666666667,6.5,0.451389617015414
19,4207,1,1,1,1,1,BP16C2N,BP16C2N-94,48,2016,BP,2,BP2,42.5732,-84.38707,8/26/2016,Bee,Apidae,Apis,mellifera,APME,Female,11/15/2016,MZ,Y,Yes,6/27/2017,MZ,10,10,7,,804,18.5,2.25,1.625,15.25,0.0808035714285714,0.799553571428571,16.875,1.625,0.921577380952381,0.12202380952381,155.625,12.125,1.625,4.125,137.75,55.9270833333333,3.10416666666667,0.270833333333333,2.10416666666667,50.4479166666667,466.75,14.625,1.375,53.125,397.625,23.6420755693582,0.764057971014493,0.06875,3.57565217391304,19.2336154244306,60.5,20.75,2.375,4.875,32.5,13.7166666666667,5.36666666666667,0.558333333333333,1.29166666666667,6.5,0.451389617015414
20,4151,1,1,1,1,1,BP16B2N,BP16B2N-38,47,2016,BP,2,BP2,42.5732,-84.38707,8/26/2016,Bee,Apidae,Apis,mellifera,APME,Female,11/11/2016,MZ,Y,Yes,7/17/2017,MZ,11,11,8,,804,18.5,2.25,1.625,15.25,0.0808035714285714,0.799553571428571,16.875,1.625,0.921577380952381,0.12202380952381,155.625,12.125,1.625,4.125,137.75,55.9270833333333,3.10416666666667,0.270833333333333,2.10416666666667,50.4479166666667,466.75,14.625,1.375,53.125,397.625,23.6420755693582,0.764057971014493,0.06875,3.57565217391304,19.2336154244306,60.5,20.75,2.375,4.875,32.5,13.7166666666667,5.36666666666667,0.558333333333333,1.29166666666667,6.5,0.451389617015414
21,4217,1,1,1,1,1,BP16C2N,BP16C2N-104,48,2016,BP,2,BP2,42.5732,-84.38707,8/26/2016,Bee,Apidae,Apis,mellifera,APME,Female,11/15/2016,MZ,Y,Yes,7/17/2017,MZ,11,11,8,,804,18.5,2.25,1.625,15.25,0.0808035714285714,0.799553571428571,16.875,1.625,0.921577380952381,0.12202380952381,155.625,12.125,1.625,4.125,137.75,55.9270833333333,3.10416666666667,0.270833333333333,2.10416666666667,50.4479166666667,466.75,14.625,1.375,53.125,397.625,23.6420755693582,0.764057971014493,0.06875,3.57565217391304,19.2336154244306,60.5,20.75,2.375,4.875,32.5,13.7166666666667,5.36666666666667,0.558333333333333,1.29166666666667,6.5,0.451389617015414
22,4148,1,1,1,1,1,BP16B2N,BP16B2N-35,47,2016,BP,2,BP2,42.5732,-84.38707,8/26/2016,Bee,Apidae,Apis,mellifera,APME,Female,11/11/2016,MZ,Y,Yes,7/17/2017,MZ,11,11,8,,804,18.5,2.25,1.625,15.25,0.0808035714285714,0.799553571428571,16.875,1.625,0.921577380952381,0.12202380952381,155.625,12.125,1.625,4.125,137.75,55.9270833333333,3.10416666666667,0.270833333333333,2.10416666666667,50.4479166666667,466.75,14.625,1.375,53.125,397.625,23.6420755693582,0.764057971014493,0.06875,3.57565217391304,19.2336154244306,60.5,20.75,2.375,4.875,32.5,13.7166666666667,5.36666666666667,0.558333333333333,1.29166666666667,6.5,0.451389617015414
23,4117,1,1,1,1,1,BP16A2N,BP16A2N-4,47,2016,BP,2,BP2,42.5732,-84.38707,8/26/2016,Bee,Apidae,Apis,mellifera,APME,Female,11/10/2016,MZ,Y,Yes,7/17/2017,MZ,11,11,8,,804,18.5,2.25,1.625,15.25,0.0808035714285714,0.799553571428571,16.875,1.625,0.921577380952381,0.12202380952381,155.625,12.125,1.625,4.125,137.75,55.9270833333333,3.10416666666667,0.270833333333333,2.10416666666667,50.4479166666667,466.75,14.625,1.375,53.125,397.625,23.6420755693582,0.764057971014493,0.06875,3.57565217391304,19.2336154244306,60.5,20.75,2.375,4.875,32.5,13.7166666666667,5.36666666666667,0.558333333333333,1.29166666666667,6.5,0.451389617015414
24,4200,1,1,2,1,1,BP16B2N,BP16B2N-87,48,2016,BP,2,BP2,42.5732,-84.38707,8/26/2016,Bee,Apidae,Bombus,impatiens,BOIM,Female,11/11/2016,MZ,Y,Yes,5/15/2017,MZ,7,7,5,,804,18.5,2.25,1.625,15.25,0.0808035714285714,0.799553571428571,16.875,1.625,0.921577380952381,0.12202380952381,155.625,12.125,1.625,4.125,137.75,55.9270833333333,3.10416666666667,0.270833333333333,2.10416666666667,50.4479166666667,466.75,14.625,1.375,53.125,397.625,23.6420755693582,0.764057971014493,0.06875,3.57565217391304,19.2336154244306,60.5,20.75,2.375,4.875,32.5,13.7166666666667,5.36666666666667,0.558333333333333,1.29166666666667,6.5,0.451389617015414
25,4173,1,1,2,1,1,BP16B2N,BP16B2N-60,48,2016,BP,2,BP2,42.5732,-84.38707,8/26/2016,Bee,Apidae,Bombus,impatiens,BOIM,Female,11/11/2016,MZ,Y,Yes,5/15/2017,MZ,7,7,5,,804,18.5,2.25,1.625,15.25,0.0808035714285714,0.799553571428571,16.875,1.625,0.921577380952381,0.12202380952381,155.625,12.125,1.625,4.125,137.75,55.9270833333333,3.10416666666667,0.270833333333333,2.10416666666667,50.4479166666667,466.75,14.625,1.375,53.125,397.625,23.6420755693582,0.764057971014493,0.06875,3.57565217391304,19.2336154244306,60.5,20.75,2.375,4.875,32.5,13.7166666666667,5.36666666666667,0.558333333333333,1.29166666666667,6.5,0.451389617015414
26,4166,1,1,2,1,1,BP16B2N,BP16B2N-53,48,2016,BP,2,BP2,42.5732,-84.38707,8/26/2016,Bee,Apidae,Bombus,impatiens,BOIM,Female,11/11/2016,MZ,Y,Yes,6/19/2017,MZ,9,9,6,,804,18.5,2.25,1.625,15.25,0.0808035714285714,0.799553571428571,16.875,1.625,0.921577380952381,0.12202380952381,155.625,12.125,1.625,4.125,137.75,55.9270833333333,3.10416666666667,0.270833333333333,2.10416666666667,50.4479166666667,466.75,14.625,1.375,53.125,397.625,23.6420755693582,0.764057971014493,0.06875,3.57565217391304,19.2336154244306,60.5,20.75,2.375,4.875,32.5,13.7166666666667,5.36666666666667,0.558333333333333,1.29166666666667,6.5,0.451389617015414
27,4222,1,1,2,1,1,BP16C2N,BP16C2N-109,48,2016,BP,2,BP2,42.5732,-84.38707,8/26/2016,Bee,Apidae,Bombus,impatiens,BOIM,Female,11/15/2016,MZ,Y,Yes,6/27/2017,MZ,10,10,7,,804,18.5,2.25,1.625,15.25,0.0808035714285714,0.799553571428571,16.875,1.625,0.921577380952381,0.12202380952381,155.625,12.125,1.625,4.125,137.75,55.9270833333333,3.10416666666667,0.270833333333333,2.10416666666667,50.4479166666667,466.75,14.625,1.375,53.125,397.625,23.6420755693582,0.764057971014493,0.06875,3.57565217391304,19.2336154244306,60.5,20.75,2.375,4.875,32.5,13.7166666666667,5.36666666666667,0.558333333333333,1.29166666666667,6.5,0.451389617015414
28,4167,1,1,2,1,1,BP16B2N,BP16B2N-54,48,2016,BP,2,BP2,42.5732,-84.38707,8/26/2016,Bee,Apidae,Bombus,impatiens,BOIM,Female,11/11/2016,MZ,Y,Yes,7/17/2017,MZ,11,11,8,,804,18.5,2.25,1.625,15.25,0.0808035714285714,0.799553571428571,16.875,1.625,0.921577380952381,0.12202380952381,155.625,12.125,1.625,4.125,137.75,55.9270833333333,3.10416666666667,0.270833333333333,2.10416666666667,50.4479166666667,466.75,14.625,1.375,53.125,397.625,23.6420755693582,0.764057971014493,0.06875,3.57565217391304,19.2336154244306,60.5,20.75,2.375,4.875,32.5,13.7166666666667,5.36666666666667,0.558333333333333,1.29166666666667,6.5,0.451389617015414
29,4237,1,1,2,1,1,BP16C2N,BP16C2N-124,48,2016,BP,2,BP2,42.5732,-84.38707,8/26/2016,Bee,Apidae,Bombus,impatiens,BOIM,Female,11/15/2016,MZ,Y,Yes,7/31/2017,MZ,12,12,8,,804,18.5,2.25,1.625,15.25,0.0808035714285714,0.799553571428571,16.875,1.625,0.921577380952381,0.12202380952381,155.625,12.125,1.625,4.125,137.75,55.9270833333333,3.10416666666667,0.270833333333333,2.10416666666667,50.4479166666667,466.75,14.625,1.375,53.125,397.625,23.6420755693582,0.764057971014493,0.06875,3.57565217391304,19.2336154244306,60.5,20.75,2.375,4.875,32.5,13.7166666666667,5.36666666666667,0.558333333333333,1.29166666666667,6.5,0.451389617015414
30,4184,1,1,2,1,1,BP16B2N,BP16B2N-71,48,2016,BP,2,BP2,42.5732,-84.38707,8/26/2016,Bee,Apidae,Bombus,impatiens,BOIM,Female,11/11/2016,MZ,Y,Yes,7/17/2017,MZ,11,11,8,,804,18.5,2.25,1.625,15.25,0.0808035714285714,0.799553571428571,16.875,1.625,0.921577380952381,0.12202380952381,155.625,12.125,1.625,4.125,137.75,55.9270833333333,3.10416666666667,0.270833333333333,2.10416666666667,50.4479166666667,466.75,14.625,1.375,53.125,397.625,23.6420755693582,0.764057971014493,0.06875,3.57565217391304,19.2336154244306,60.5,20.75,2.375,4.875,32.5,13.7166666666667,5.36666666666667,0.558333333333333,1.29166666666667,6.5,0.451389617015414
31,4137,1,1,2,1,1,BP16A2N,BP16A2N-24,47,2016,BP,2,BP2,42.5732,-84.38707,8/26/2016,Bee,Apidae,Bombus,impatiens,BOIM,Female,11/10/2016,MZ,Y,Yes,7/31/2017,MZ,12,12,8,,804,18.5,2.25,1.625,15.25,0.0808035714285714,0.799553571428571,16.875,1.625,0.921577380952381,0.12202380952381,155.625,12.125,1.625,4.125,137.75,55.9270833333333,3.10416666666667,0.270833333333333,2.10416666666667,50.4479166666667,466.75,14.625,1.375,53.125,397.625,23.6420755693582,0.764057971014493,0.06875,3.57565217391304,19.2336154244306,60.5,20.75,2.375,4.875,32.5,13.7166666666667,5.36666666666667,0.558333333333333,1.29166666666667,6.5,0.451389617015414
32,2240,1,1,2,1,0,E16D1N,E16D1N-141,26,2016,E,1,E1,42.50159,-83.66593,7/27/2016,Bee,Apidae,Apis,mellifera,APME,Female,12/6/2016,MZ,Y,Yes,5/1/2017,MZ,6,6,4,glob on corbicula is funky green color,306.5,14.875,1.5,0,0.25,0,0.00714285714285714,14.875,14.625,1,0.992857142857143,0,0,0,0,0,0,0,0,0,0,1.875,1,0,0,0.875,0.9375,0.5,0,0,0.4375,301.875,6.5,1.5,60.875,233,38.0215522123226,2.00770789288231,0.0454545454545455,11.2517350624182,24.7166547115675,0.199167027413499
33,2279,1,1,2,1,1,E16C1P,E16C1P-180,26,2016,E,1,E1,42.50159,-83.66593,7/27/2016,Bee,Apidae,Apis,mellifera,APME,Female,12/8/2016,MZ,Y,Yes,5/1/2017,MZ,6,6,4,,306.5,14.875,1.5,0,0.25,0,0.00714285714285714,14.875,14.625,1,0.992857142857143,0,0,0,0,0,0,0,0,0,0,1.875,1,0,0,0.875,0.9375,0.5,0,0,0.4375,301.875,6.5,1.5,60.875,233,38.0215522123226,2.00770789288231,0.0454545454545455,11.2517350624182,24.7166547115675,0.199167027413499
34,2280,1,1,2,1,1,E16C1P,E16C1P-181,27,2016,E,1,E1,42.50159,-83.66593,7/27/2016,Bee,Apidae,Apis,mellifera,APME,Female,12/9/2016,MZ,Y,Yes,5/17/2017,MZ,8,8,5,,306.5,14.875,1.5,0,0.25,0,0.00714285714285714,14.875,14.625,1,0.992857142857143,0,0,0,0,0,0,0,0,0,0,1.875,1,0,0,0.875,0.9375,0.5,0,0,0.4375,301.875,6.5,1.5,60.875,233,38.0215522123226,2.00770789288231,0.0454545454545455,11.2517350624182,24.7166547115675,0.199167027413499
35,2239,1,1,2,1,1,E16D1N,E16D1N-140,26,2016,E,1,E1,42.50159,-83.66593,7/27/2016,Bee,Apidae,Apis,mellifera,APME,Female,12/6/2016,MZ,Y,Yes,5/17/2017,MZ,8,8,5,patch between thorax and abdomen - think it is just part of plant,306.5,14.875,1.5,0,0.25,0,0.00714285714285714,14.875,14.625,1,0.992857142857143,0,0,0,0,0,0,0,0,0,0,1.875,1,0,0,0.875,0.9375,0.5,0,0,0.4375,301.875,6.5,1.5,60.875,233,38.0215522123226,2.00770789288231,0.0454545454545455,11.2517350624182,24.7166547115675,0.199167027413499
36,2238,1,1,2,1,1,E16D1N,E16D1N-139,26,2016,E,1,E1,42.50159,-83.66593,7/27/2016,Bee,Apidae,Apis,mellifera,APME,Female,12/6/2016,MZ,Y,Yes,6/19/2017,MZ,9,9,6,,306.5,14.875,1.5,0,0.25,0,0.00714285714285714,14.875,14.625,1,0.992857142857143,0,0,0,0,0,0,0,0,0,0,1.875,1,0,0,0.875,0.9375,0.5,0,0,0.4375,301.875,6.5,1.5,60.875,233,38.0215522123226,2.00770789288231,0.0454545454545455,11.2517350624182,24.7166547115675,0.199167027413499
37,2237,1,1,2,1,1,E16D1N,E16D1N-138,26,2016,E,1,E1,42.50159,-83.66593,7/27/2016,Bee,Apidae,Apis,mellifera,APME,Female,12/6/2016,MZ,Y,Yes,6/19/2017,MZ,9,9,6,,306.5,14.875,1.5,0,0.25,0,0.00714285714285714,14.875,14.625,1,0.992857142857143,0,0,0,0,0,0,0,0,0,0,1.875,1,0,0,0.875,0.9375,0.5,0,0,0.4375,301.875,6.5,1.5,60.875,233,38.0215522123226,2.00770789288231,0.0454545454545455,11.2517350624182,24.7166547115675,0.199167027413499
38,2242,1,1,2,1,0,E16D1N,E16D1N-143,26,2016,E,1,E1,42.50159,-83.66593,7/27/2016,Bee,Apidae,Apis,mellifera,APME,Female,12/6/2016,MZ,Y,Yes,6/22/2017,MZ,10,10,6,,306.5,14.875,1.5,0,0.25,0,0.00714285714285714,14.875,14.625,1,0.992857142857143,0,0,0,0,0,0,0,0,0,0,1.875,1,0,0,0.875,0.9375,0.5,0,0,0.4375,301.875,6.5,1.5,60.875,233,38.0215522123226,2.00770789288231,0.0454545454545455,11.2517350624182,24.7166547115675,0.199167027413499
39,2281,1,1,2,1,1,E16C1P,E16C1P-182,27,2016,E,1,E1,42.50159,-83.66593,7/27/2016,Bee,Apidae,Apis,mellifera,APME,Female,12/9/2016,MZ,Y,Yes,7/31/2017,MZ,12,12,8,,306.5,14.875,1.5,0,0.25,0,0.00714285714285714,14.875,14.625,1,0.992857142857143,0,0,0,0,0,0,0,0,0,0,1.875,1,0,0,0.875,0.9375,0.5,0,0,0.4375,301.875,6.5,1.5,60.875,233,38.0215522123226,2.00770789288231,0.0454545454545455,11.2517350624182,24.7166547115675,0.199167027413499
40,2236,1,1,3,1,0,E16D1N,E16D1N-137,26,2016,E,1,E1,42.50159,-83.66593,7/27/2016,Bee,Apidae,Bombus,fervidus,BOFE,Female,12/6/2016,MZ,Y,Yes,5/11/2017,MZ,7,7,4,,306.5,14.875,1.5,0,0.25,0,0.00714285714285714,14.875,14.625,1,0.992857142857143,0,0,0,0,0,0,0,0,0,0,1.875,1,0,0,0.875,0.9375,0.5,0,0,0.4375,301.875,6.5,1.5,60.875,233,38.0215522123226,2.00770789288231,0.0454545454545455,11.2517350624182,24.7166547115675,0.199167027413499
41,2232,1,1,3,1,0,E16D1N,E16D1N-133,26,2016,E,1,E1,42.50159,-83.66593,7/27/2016,Bee,Apidae,Bombus,bimaculatus,BOBI,Female,12/6/2016,MZ,Y,Yes,5/17/2017,MZ,8,8,5,,306.5,14.875,1.5,0,0.25,0,0.00714285714285714,14.875,14.625,1,0.992857142857143,0,0,0,0,0,0,0,0,0,0,1.875,1,0,0,0.875,0.9375,0.5,0,0,0.4375,301.875,6.5,1.5,60.875,233,38.0215522123226,2.00770789288231,0.0454545454545455,11.2517350624182,24.7166547115675,0.199167027413499
42,2231,1,1,3,1,1,E16D1N,E16D1N-132,26,2016,E,1,E1,42.50159,-83.66593,7/27/2016,Bee,Apidae,Bombus,pensylvanicus,BOPE,Female,12/2/2016,MZ,Y,Yes,6/19/2017,MZ,9,9,6,Queen,306.5,14.875,1.5,0,0.25,0,0.00714285714285714,14.875,14.625,1,0.992857142857143,0,0,0,0,0,0,0,0,0,0,1.875,1,0,0,0.875,0.9375,0.5,0,0,0.4375,301.875,6.5,1.5,60.875,233,38.0215522123226,2.00770789288231,0.0454545454545455,11.2517350624182,24.7166547115675,0.199167027413499
43,2233,1,1,3,1,0,E16D1N,E16D1N-134,26,2016,E,1,E1,42.50159,-83.66593,7/27/2016,Bee,Apidae,Bombus,impatiens,BOIM,Female,12/6/2016,MZ,Y,Yes,6/22/2017,MZ,10,10,6,Attached to spider,306.5,14.875,1.5,0,0.25,0,0.00714285714285714,14.875,14.625,1,0.992857142857143,0,0,0,0,0,0,0,0,0,0,1.875,1,0,0,0.875,0.9375,0.5,0,0,0.4375,301.875,6.5,1.5,60.875,233,38.0215522123226,2.00770789288231,0.0454545454545455,11.2517350624182,24.7166547115675,0.199167027413499
44,2234,1,1,3,1,0,E16D1N,E16D1N-135,26,2016,E,1,E1,42.50159,-83.66593,7/27/2016,Bee,Apidae,Bombus,impatiens,BOIM,Female,12/6/2016,MZ,Y,Yes,7/31/2017,MZ,12,12,8,,306.5,14.875,1.5,0,0.25,0,0.00714285714285714,14.875,14.625,1,0.992857142857143,0,0,0,0,0,0,0,0,0,0,1.875,1,0,0,0.875,0.9375,0.5,0,0,0.4375,301.875,6.5,1.5,60.875,233,38.0215522123226,2.00770789288231,0.0454545454545455,11.2517350624182,24.7166547115675,0.199167027413499
45,3473,1,1,3,1,1,E16D2N,E16D2N-114,40,2016,E,2,E2,42.50159,-83.66593,8/22/2016,Bee,Apidae,Apis,mellifera,APME,Female,11/29/2016,MZ,Y,Yes,5/2/2017,MZ,6,6,4,specimen badly damaged - head,291.5,3,0.75,0,3,0,0.75,3,0,0.75,0,0,0,0,0,0,0,0,0,0,0,259.125,0.5,0,10.125,244.625,39.8395833333333,0.071875,0,2.59479166666667,35.2354166666667,0,0,0,0,0,0,0,0,0,0,0
46,3486,1,1,3,1,0,E16C2P,E16C2P-127,40,2016,E,2,E2,42.50159,-83.66593,8/22/2016,Bee,Apidae,Apis,mellifera,APME,Female,12/1/2016,MZ,Y,Yes,5/2/2017,MZ,6,6,4,,291.5,3,0.75,0,3,0,0.75,3,0,0.75,0,0,0,0,0,0,0,0,0,0,0,259.125,0.5,0,10.125,244.625,39.8395833333333,0.071875,0,2.59479166666667,35.2354166666667,0,0,0,0,0,0,0,0,0,0,0
47,3467,1,1,3,1,0,E16D2N,E16D2N-108,40,2016,E,2,E2,42.50159,-83.66593,8/22/2016,Bee,Apidae,Apis,mellifera,APME,Female,11/29/2016,MZ,Y,Yes,5/2/2017,MZ,6,6,4,,291.5,3,0.75,0,3,0,0.75,3,0,0.75,0,0,0,0,0,0,0,0,0,0,0,259.125,0.5,0,10.125,244.625,39.8395833333333,0.071875,0,2.59479166666667,35.2354166666667,0,0,0,0,0,0,0,0,0,0,0
48,3471,1,1,3,1,0,E16D2N,E16D2N-112,40,2016,E,2,E2,42.50159,-83.66593,8/22/2016,Bee,Apidae,Apis,mellifera,APME,Female,11/29/2016,MZ,Y,Yes,6/19/2017,MZ,9,9,6,,291.5,3,0.75,0,3,0,0.75,3,0,0.75,0,0,0,0,0,0,0,0,0,0,0,259.125,0.5,0,10.125,244.625,39.8395833333333,0.071875,0,2.59479166666667,35.2354166666667,0,0,0,0,0,0,0,0,0,0,0
49,3392,1,1,3,1,0,E16B2N,E16B2N-33,39,2016,E,2,E2,42.50159,-83.66593,8/22/2016,Bee,Apidae,Bombus,impatiens,BOIM,Female,11/17/2016,MZ,Y,Yes,5/17/2017,MZ,8,8,5,,291.5,3,0.75,0,3,0,0.75,3,0,0.75,0,0,0,0,0,0,0,0,0,0,0,259.125,0.5,0,10.125,244.625,39.8395833333333,0.071875,0,2.59479166666667,35.2354166666667,0,0,0,0,0,0,0,0,0,0,0
50,3397,1,1,3,1,1,E16B2N,E16B2N-38,39,2016,E,2,E2,42.50159,-83.66593,8/22/2016,Bee,Apidae,Bombus,impatiens,BOIM,Female,11/17/2016,MZ,Y,Yes,5/17/2017,MZ,8,8,5,,291.5,3,0.75,0,3,0,0.75,3,0,0.75,0,0,0,0,0,0,0,0,0,0,0,259.125,0.5,0,10.125,244.625,39.8395833333333,0.071875,0,2.59479166666667,35.2354166666667,0,0,0,0,0,0,0,0,0,0,0
51,3425,1,1,3,1,0,E16C2N,E16C2N-66,39,2016,E,2,E2,42.50159,-83.66593,8/22/2016,Bee,Apidae,Bombus,impatiens,BOIM,Female,11/17/2016,MZ,Y,Yes,5/15/2017,MZ,7,7,5,,291.5,3,0.75,0,3,0,0.75,3,0,0.75,0,0,0,0,0,0,0,0,0,0,0,259.125,0.5,0,10.125,244.625,39.8395833333333,0.071875,0,2.59479166666667,35.2354166666667,0,0,0,0,0,0,0,0,0,0,0
52,3015,1,1,3,1,0,GT16D1N,GT16D1N-123,35,2016,GT,1,GT1,42.32644,-83.70953,8/17/2016,Bee,Apidae,Apis,mellifera,APME,Female,11/30/2016,MF,Y,Yes,6/19/2017,MZ,9,9,6,,205.777777777778,6.44444444444444,2.33333333333333,0.444444444444444,3.33333333333333,0.0545634920634921,0.463039275539276,5.33333333333333,2,0.707936507936508,0.244897232397232,30.3333333333333,28.8888888888889,0,1.44444444444444,0,10.1851851851852,9.62962962962963,0,0.555555555555556,0,68.7777777777778,2.66666666666667,0,8.44444444444444,57.6666666666667,20.6299823633157,0.510934744268078,0,2.91975308641975,17.1992945326279,105.333333333333,34.8888888888889,57,6.88888888888889,6.55555555555556,19.1018518518519,7.08333333333333,9.22685185185185,1.15277777777778,1.63888888888889,0.649635244298445
53,2915,1,1,3,1,0,GT16B1N,GT16B1N-22,34,2016,GT,1,GT1,42.32644,-83.70953,8/17/2016,Bee,Apidae,Apis,mellifera,APME,Female,11/3/2016,ECC,Y,Yes,6/19/2017,MZ,9,9,6,large orange lump on thorax,205.777777777778,6.44444444444444,2.33333333333333,0.444444444444444,3.33333333333333,0.0545634920634921,0.463039275539276,5.33333333333333,2,0.707936507936508,0.244897232397232,30.3333333333333,28.8888888888889,0,1.44444444444444,0,10.1851851851852,9.62962962962963,0,0.555555555555556,0,68.7777777777778,2.66666666666667,0,8.44444444444444,57.6666666666667,20.6299823633157,0.510934744268078,0,2.91975308641975,17.1992945326279,105.333333333333,34.8888888888889,57,6.88888888888889,6.55555555555556,19.1018518518519,7.08333333333333,9.22685185185185,1.15277777777778,1.63888888888889,0.649635244298445
54,2934,1,1,3,1,0,GT16B1N,GT16B1N-41,34,2016,GT,1,GT1,42.32644,-83.70953,8/17/2016,Bee,Apidae,Bombus,impatiens,BOIM,Female,11/3/2016,ECC,Y,Yes,5/11/2017,MZ,7,7,5,,205.777777777778,6.44444444444444,2.33333333333333,0.444444444444444,3.33333333333333,0.0545634920634921,0.463039275539276,5.33333333333333,2,0.707936507936508,0.244897232397232,30.3333333333333,28.8888888888889,0,1.44444444444444,0,10.1851851851852,9.62962962962963,0,0.555555555555556,0,68.7777777777778,2.66666666666667,0,8.44444444444444,57.6666666666667,20.6299823633157,0.510934744268078,0,2.91975308641975,17.1992945326279,105.333333333333,34.8888888888889,57,6.88888888888889,6.55555555555556,19.1018518518519,7.08333333333333,9.22685185185185,1.15277777777778,1.63888888888889,0.649635244298445
55,2974,1,1,3,1,1,GT16C1N,GT16C1N-81,34,2016,GT,1,GT1,42.32644,-83.70953,8/17/2016,Bee,Apidae,Bombus,impatiens,BOIM,Female,11/10/2016,ECC,Y,Yes,6/22/2017,MZ,10,10,7,,205.777777777778,6.44444444444444,2.33333333333333,0.444444444444444,3.33333333333333,0.0545634920634921,0.463039275539276,5.33333333333333,2,0.707936507936508,0.244897232397232,30.3333333333333,28.8888888888889,0,1.44444444444444,0,10.1851851851852,9.62962962962963,0,0.555555555555556,0,68.7777777777778,2.66666666666667,0,8.44444444444444,57.6666666666667,20.6299823633157,0.510934744268078,0,2.91975308641975,17.1992945326279,105.333333333333,34.8888888888889,57,6.88888888888889,6.55555555555556,19.1018518518519,7.08333333333333,9.22685185185185,1.15277777777778,1.63888888888889,0.649635244298445
56,4075,1,1,3,1,1,GT16C2P,GT16C2P-177,47,2016,GT,2,GT2,42.32644,-83.70953,8/24/2016,Bee,Apidae,Apis,mellifera,APME,Female,11/16/2016,MF,Y,Yes,7/17/2017,MZ,11,11,8,,130.5,6.5,1.5,0,5.75,0,0.770833333333333,6.5,0.75,1,0.229166666666667,0,0,0,0,0,0,0,0,0,0,117.125,9.25,0,13.125,94.75,16.9541666666667,1.5,0,2.3125,13.1416666666667,12,6.625,1,3.375,1,6.6875,3.8125,0.5,1.875,0.5,0.242605398571566
57,3952,1,1,3,1,1,GT16B2N,GT16B2N-55,45,2016,GT,2,GT2,42.32644,-83.70953,8/24/2016,Bee,Apidae,Bombus,impatiens,BOIM,Female,10/21/2016,MZ,Y,Yes,5/2/2017,MZ,6,6,4,,130.5,6.5,1.5,0,5.75,0,0.770833333333333,6.5,0.75,1,0.229166666666667,0,0,0,0,0,0,0,0,0,0,117.125,9.25,0,13.125,94.75,16.9541666666667,1.5,0,2.3125,13.1416666666667,12,6.625,1,3.375,1,6.6875,3.8125,0.5,1.875,0.5,0.242605398571566
58,3985,1,1,3,1,1,GT16C2N,GT16C2N-88,46,2016,GT,2,GT2,42.32644,-83.70953,8/24/2016,Bee,Apidae,Bombus,impatiens,BOIM,Female,11/20/2016,MF,Y,Yes,5/15/2017,MZ,7,7,5,,130.5,6.5,1.5,0,5.75,0,0.770833333333333,6.5,0.75,1,0.229166666666667,0,0,0,0,0,0,0,0,0,0,117.125,9.25,0,13.125,94.75,16.9541666666667,1.5,0,2.3125,13.1416666666667,12,6.625,1,3.375,1,6.6875,3.8125,0.5,1.875,0.5,0.242605398571566
59,2235,1,1,4,1,1,E16D1N,E16D1N-136,26,2016,E,1,E1,42.50159,-83.66593,7/27/2016,Bee,Apidae,Bombus,impatiens,BOIM,Female,12/6/2016,MZ,Y,Yes,6/19/2017,MZ,9,9,6,Individual is small,306.5,14.875,1.5,0,0.25,0,0.00714285714285714,14.875,14.625,1,0.992857142857143,0,0,0,0,0,0,0,0,0,0,1.875,1,0,0,0.875,0.9375,0.5,0,0,0.4375,301.875,6.5,1.5,60.875,233,38.0215522123226,2.00770789288231,0.0454545454545455,11.2517350624182,24.7166547115675,0.199167027413499
60,2203,1,1,4,1,0,E16C1N,E16C1N-104,26,2016,E,1,E1,42.50159,-83.66593,7/27/2016,Bee,Apidae,Bombus,impatiens,BOIM,Female,12/2/2016,MZ,Y,Yes,7/31/2017,MZ,12,12,8,,306.5,14.875,1.5,0,0.25,0,0.00714285714285714,14.875,14.625,1,0.992857142857143,0,0,0,0,0,0,0,0,0,0,1.875,1,0,0,0.875,0.9375,0.5,0,0,0.4375,301.875,6.5,1.5,60.875,233,38.0215522123226,2.00770789288231,0.0454545454545455,11.2517350624182,24.7166547115675,0.199167027413499
61,3461,1,1,4,1,1,E16D2N,E16D2N-102,40,2016,E,2,E2,42.50159,-83.66593,8/22/2016,Bee,Apidae,Apis,mellifera,APME,Female,11/29/2016,MZ,Y,Yes,5/18/2017,MZ,8,8,5,,291.5,3,0.75,0,3,0,0.75,3,0,0.75,0,0,0,0,0,0,0,0,0,0,0,259.125,0.5,0,10.125,244.625,39.8395833333333,0.071875,0,2.59479166666667,35.2354166666667,0,0,0,0,0,0,0,0,0,0,0
62,3454,1,1,4,1,1,E16D2N,E16D2N-95,40,2016,E,2,E2,42.50159,-83.66593,8/22/2016,Bee,Apidae,Apis,mellifera,APME,Female,11/29/2016,MZ,Y,Yes,5/15/2017,MZ,7,7,5,,291.5,3,0.75,0,3,0,0.75,3,0,0.75,0,0,0,0,0,0,0,0,0,0,0,259.125,0.5,0,10.125,244.625,39.8395833333333,0.071875,0,2.59479166666667,35.2354166666667,0,0,0,0,0,0,0,0,0,0,0
63,3469,1,1,4,1,0,E16D2N,E16D2N-110,40,2016,E,2,E2,42.50159,-83.66593,8/22/2016,Bee,Apidae,Apis,mellifera,APME,Female,11/29/2016,MZ,Y,Yes,6/27/2017,MZ,10,10,7,,291.5,3,0.75,0,3,0,0.75,3,0,0.75,0,0,0,0,0,0,0,0,0,0,0,259.125,0.5,0,10.125,244.625,39.8395833333333,0.071875,0,2.59479166666667,35.2354166666667,0,0,0,0,0,0,0,0,0,0,0
64,3453,1,1,4,1,1,E16D2N,E16D2N-94,40,2016,E,2,E2,42.50159,-83.66593,8/22/2016,Bee,Apidae,Apis,mellifera,APME,Female,11/29/2016,MZ,Y,Yes,7/6/2017,MZ,11,11,7,,291.5,3,0.75,0,3,0,0.75,3,0,0.75,0,0,0,0,0,0,0,0,0,0,0,259.125,0.5,0,10.125,244.625,39.8395833333333,0.071875,0,2.59479166666667,35.2354166666667,0,0,0,0,0,0,0,0,0,0,0
65,3393,1,1,4,1,1,E16B2N,E16B2N-34,39,2016,E,2,E2,42.50159,-83.66593,8/22/2016,Bee,Apidae,Bombus,impatiens,BOIM,Female,11/17/2016,MZ,Y,Yes,5/2/2017,MZ,6,6,4,,291.5,3,0.75,0,3,0,0.75,3,0,0.75,0,0,0,0,0,0,0,0,0,0,0,259.125,0.5,0,10.125,244.625,39.8395833333333,0.071875,0,2.59479166666667,35.2354166666667,0,0,0,0,0,0,0,0,0,0,0
66,3367,1,1,4,1,1,E16A2N,E16A2N-8,39,2016,E,2,E2,42.50159,-83.66593,8/22/2016,Bee,Apidae,Bombus,impatiens,BOIM,Female,11/17/2016,MZ,Y,Yes,5/2/2017,MZ,6,6,4,,291.5,3,0.75,0,3,0,0.75,3,0,0.75,0,0,0,0,0,0,0,0,0,0,0,259.125,0.5,0,10.125,244.625,39.8395833333333,0.071875,0,2.59479166666667,35.2354166666667,0,0,0,0,0,0,0,0,0,0,0
67,3420,1,1,4,1,1,E16C2N,E16C2N-61,39,2016,E,2,E2,42.50159,-83.66593,8/22/2016,Bee,Apidae,Bombus,impatiens,BOIM,Female,11/17/2016,MZ,Y,Yes,5/18/2017,MZ,8,8,5,,291.5,3,0.75,0,3,0,0.75,3,0,0.75,0,0,0,0,0,0,0,0,0,0,0,259.125,0.5,0,10.125,244.625,39.8395833333333,0.071875,0,2.59479166666667,35.2354166666667,0,0,0,0,0,0,0,0,0,0,0
68,3443,1,1,4,1,0,E16D2N,E16D2N-84,40,2016,E,2,E2,42.50159,-83.66593,8/22/2016,Bee,Apidae,Bombus,impatiens,BOIM,Female,11/29/2016,MZ,Y,Yes,7/6/2017,MZ,11,11,7,,291.5,3,0.75,0,3,0,0.75,3,0,0.75,0,0,0,0,0,0,0,0,0,0,0,259.125,0.5,0,10.125,244.625,39.8395833333333,0.071875,0,2.59479166666667,35.2354166666667,0,0,0,0,0,0,0,0,0,0,0
69,3441,1,1,4,1,0,E16D2N,E16D2N-82,39,2016,E,2,E2,42.50159,-83.66593,8/22/2016,Bee,Apidae,Bombus,impatiens,BOIM,Female,11/17/2016,MZ,Y,Yes,7/31/2017,MZ,12,12,8,,291.5,3,0.75,0,3,0,0.75,3,0,0.75,0,0,0,0,0,0,0,0,0,0,0,259.125,0.5,0,10.125,244.625,39.8395833333333,0.071875,0,2.59479166666667,35.2354166666667,0,0,0,0,0,0,0,0,0,0,0
70,2956,1,1,4,1,1,GT16C1N,GT16C1N-63,34,2016,GT,1,GT1,42.32644,-83.70953,8/17/2016,Bee,Apidae,Apis,mellifera,APME,Female,11/9/2016,ECC,Y,Yes,5/2/2017,MZ,6,6,4,,205.777777777778,6.44444444444444,2.33333333333333,0.444444444444444,3.33333333333333,0.0545634920634921,0.463039275539276,5.33333333333333,2,0.707936507936508,0.244897232397232,30.3333333333333,28.8888888888889,0,1.44444444444444,0,10.1851851851852,9.62962962962963,0,0.555555555555556,0,68.7777777777778,2.66666666666667,0,8.44444444444444,57.6666666666667,20.6299823633157,0.510934744268078,0,2.91975308641975,17.1992945326279,105.333333333333,34.8888888888889,57,6.88888888888889,6.55555555555556,19.1018518518519,7.08333333333333,9.22685185185185,1.15277777777778,1.63888888888889,0.649635244298445
71,2961,1,1,4,1,1,GT16C1N,GT16C1N-68,34,2016,GT,1,GT1,42.32644,-83.70953,8/17/2016,Bee,Apidae,Apis,mellifera,APME,Female,11/9/2016,ECC,Y,Yes,5/11/2017,MZ,7,7,5,large orange lump on thorax( thorax section swelling up like a balloon),205.777777777778,6.44444444444444,2.33333333333333,0.444444444444444,3.33333333333333,0.0545634920634921,0.463039275539276,5.33333333333333,2,0.707936507936508,0.244897232397232,30.3333333333333,28.8888888888889,0,1.44444444444444,0,10.1851851851852,9.62962962962963,0,0.555555555555556,0,68.7777777777778,2.66666666666667,0,8.44444444444444,57.6666666666667,20.6299823633157,0.510934744268078,0,2.91975308641975,17.1992945326279,105.333333333333,34.8888888888889,57,6.88888888888889,6.55555555555556,19.1018518518519,7.08333333333333,9.22685185185185,1.15277777777778,1.63888888888889,0.649635244298445
72,3007,1,1,4,1,0,GT16D1N,GT16D1N-115,35,2016,GT,1,GT1,42.32644,-83.70953,8/17/2016,Bee,Apidae,Apis,mellifera,APME,Female,11/30/2016,MF,Y,Yes,5/11/2017,MZ,7,7,5,,205.777777777778,6.44444444444444,2.33333333333333,0.444444444444444,3.33333333333333,0.0545634920634921,0.463039275539276,5.33333333333333,2,0.707936507936508,0.244897232397232,30.3333333333333,28.8888888888889,0,1.44444444444444,0,10.1851851851852,9.62962962962963,0,0.555555555555556,0,68.7777777777778,2.66666666666667,0,8.44444444444444,57.6666666666667,20.6299823633157,0.510934744268078,0,2.91975308641975,17.1992945326279,105.333333333333,34.8888888888889,57,6.88888888888889,6.55555555555556,19.1018518518519,7.08333333333333,9.22685185185185,1.15277777777778,1.63888888888889,0.649635244298445
73,2964,1,1,4,1,0,GT16C1N,GT16C1N-71,34,2016,GT,1,GT1,42.32644,-83.70953,8/17/2016,Bee,Apidae,Apis,mellifera,APME,Female,11/9/2016,ECC,Y,Yes,6/22/2017,MZ,10,10,7,,205.777777777778,6.44444444444444,2.33333333333333,0.444444444444444,3.33333333333333,0.0545634920634921,0.463039275539276,5.33333333333333,2,0.707936507936508,0.244897232397232,30.3333333333333,28.8888888888889,0,1.44444444444444,0,10.1851851851852,9.62962962962963,0,0.555555555555556,0,68.7777777777778,2.66666666666667,0,8.44444444444444,57.6666666666667,20.6299823633157,0.510934744268078,0,2.91975308641975,17.1992945326279,105.333333333333,34.8888888888889,57,6.88888888888889,6.55555555555556,19.1018518518519,7.08333333333333,9.22685185185185,1.15277777777778,1.63888888888889,0.649635244298445
74,2982,1,1,4,1,0,GT16C1N,GT16C1N-89,34,2016,GT,1,GT1,42.32644,-83.70953,8/17/2016,Bee,Apidae,Bombus,impatiens,BOIM,Female,11/10/2016,ECC,Y,Yes,5/11/2017,MZ,7,7,5,,205.777777777778,6.44444444444444,2.33333333333333,0.444444444444444,3.33333333333333,0.0545634920634921,0.463039275539276,5.33333333333333,2,0.707936507936508,0.244897232397232,30.3333333333333,28.8888888888889,0,1.44444444444444,0,10.1851851851852,9.62962962962963,0,0.555555555555556,0,68.7777777777778,2.66666666666667,0,8.44444444444444,57.6666666666667,20.6299823633157,0.510934744268078,0,2.91975308641975,17.1992945326279,105.333333333333,34.8888888888889,57,6.88888888888889,6.55555555555556,19.1018518518519,7.08333333333333,9.22685185185185,1.15277777777778,1.63888888888889,0.649635244298445
75,3005,1,1,4,1,1,GT16D1N,GT16D1N-113,35,2016,GT,1,GT1,42.32644,-83.70953,8/17/2016,Bee,Apidae,Bombus,impatiens,BOIM,Female,11/30/2016,MF,Y,Yes,5/17/2017,MZ,8,8,5,,205.777777777778,6.44444444444444,2.33333333333333,0.444444444444444,3.33333333333333,0.0545634920634921,0.463039275539276,5.33333333333333,2,0.707936507936508,0.244897232397232,30.3333333333333,28.8888888888889,0,1.44444444444444,0,10.1851851851852,9.62962962962963,0,0.555555555555556,0,68.7777777777778,2.66666666666667,0,8.44444444444444,57.6666666666667,20.6299823633157,0.510934744268078,0,2.91975308641975,17.1992945326279,105.333333333333,34.8888888888889,57,6.88888888888889,6.55555555555556,19.1018518518519,7.08333333333333,9.22685185185185,1.15277777777778,1.63888888888889,0.649635244298445
76,2933,1,1,4,1,1,GT16B1N,GT16B1N-40,34,2016,GT,1,GT1,42.32644,-83.70953,8/17/2016,Bee,Apidae,Bombus,impatiens,BOIM,Female,11/3/2016,ECC,Y,Yes,5/17/2017,MZ,8,8,5,,205.777777777778,6.44444444444444,2.33333333333333,0.444444444444444,3.33333333333333,0.0545634920634921,0.463039275539276,5.33333333333333,2,0.707936507936508,0.244897232397232,30.3333333333333,28.8888888888889,0,1.44444444444444,0,10.1851851851852,9.62962962962963,0,0.555555555555556,0,68.7777777777778,2.66666666666667,0,8.44444444444444,57.6666666666667,20.6299823633157,0.510934744268078,0,2.91975308641975,17.1992945326279,105.333333333333,34.8888888888889,57,6.88888888888889,6.55555555555556,19.1018518518519,7.08333333333333,9.22685185185185,1.15277777777778,1.63888888888889,0.649635244298445
77,2936,1,1,4,1,1,GT16B1N,GT16B1N-43,34,2016,GT,1,GT1,42.32644,-83.70953,8/17/2016,Bee,Apidae,Bombus,impatiens,BOIM,Female,11/3/2016,ECC,Y,Yes,7/6/2017,MZ,11,11,7,,205.777777777778,6.44444444444444,2.33333333333333,0.444444444444444,3.33333333333333,0.0545634920634921,0.463039275539276,5.33333333333333,2,0.707936507936508,0.244897232397232,30.3333333333333,28.8888888888889,0,1.44444444444444,0,10.1851851851852,9.62962962962963,0,0.555555555555556,0,68.7777777777778,2.66666666666667,0,8.44444444444444,57.6666666666667,20.6299823633157,0.510934744268078,0,2.91975308641975,17.1992945326279,105.333333333333,34.8888888888889,57,6.88888888888889,6.55555555555556,19.1018518518519,7.08333333333333,9.22685185185185,1.15277777777778,1.63888888888889,0.649635244298445
78,2981,1,1,4,1,0,GT16C1N,GT16C1N-88,34,2016,GT,1,GT1,42.32644,-83.70953,8/17/2016,Bee,Apidae,Bombus,impatiens,BOIM,Female,11/10/2016,ECC,Y,Yes,7/6/2017,MZ,11,11,7,,205.777777777778,6.44444444444444,2.33333333333333,0.444444444444444,3.33333333333333,0.0545634920634921,0.463039275539276,5.33333333333333,2,0.707936507936508,0.244897232397232,30.3333333333333,28.8888888888889,0,1.44444444444444,0,10.1851851851852,9.62962962962963,0,0.555555555555556,0,68.7777777777778,2.66666666666667,0,8.44444444444444,57.6666666666667,20.6299823633157,0.510934744268078,0,2.91975308641975,17.1992945326279,105.333333333333,34.8888888888889,57,6.88888888888889,6.55555555555556,19.1018518518519,7.08333333333333,9.22685185185185,1.15277777777778,1.63888888888889,0.649635244298445
79,2940,1,1,4,1,0,GT16B1N,GT16B1N-47,34,2016,GT,1,GT1,42.32644,-83.70953,8/17/2016,Bee,Apidae,Bombus,impatiens,BOIM,Female,11/3/2016,ECC,Y,Yes,7/6/2017,MZ,11,11,7,fly found in same tube as bee,205.777777777778,6.44444444444444,2.33333333333333,0.444444444444444,3.33333333333333,0.0545634920634921,0.463039275539276,5.33333333333333,2,0.707936507936508,0.244897232397232,30.3333333333333,28.8888888888889,0,1.44444444444444,0,10.1851851851852,9.62962962962963,0,0.555555555555556,0,68.7777777777778,2.66666666666667,0,8.44444444444444,57.6666666666667,20.6299823633157,0.510934744268078,0,2.91975308641975,17.1992945326279,105.333333333333,34.8888888888889,57,6.88888888888889,6.55555555555556,19.1018518518519,7.08333333333333,9.22685185185185,1.15277777777778,1.63888888888889,0.649635244298445
80,3926,1,1,4,1,1,GT16B2N,GT16B2N-29,45,2016,GT,2,GT2,42.32644,-83.70953,8/24/2016,Bee,Apidae,Apis,mellifera,APME,Female,10/20/2016,MZ,Y,Yes,5/18/2017,MZ,8,8,5,,130.5,6.5,1.5,0,5.75,0,0.770833333333333,6.5,0.75,1,0.229166666666667,0,0,0,0,0,0,0,0,0,0,117.125,9.25,0,13.125,94.75,16.9541666666667,1.5,0,2.3125,13.1416666666667,12,6.625,1,3.375,1,6.6875,3.8125,0.5,1.875,0.5,0.242605398571566
81,3980,1,1,4,1,1,GT16C2N,GT16C2N-83,45,2016,GT,2,GT2,42.32644,-83.70953,8/24/2016,Bee,Apidae,Apis,mellifera,APME,Female,10/21/2016,MZ,Y,Yes,5/15/2017,MZ,7,7,5,,130.5,6.5,1.5,0,5.75,0,0.770833333333333,6.5,0.75,1,0.229166666666667,0,0,0,0,0,0,0,0,0,0,117.125,9.25,0,13.125,94.75,16.9541666666667,1.5,0,2.3125,13.1416666666667,12,6.625,1,3.375,1,6.6875,3.8125,0.5,1.875,0.5,0.242605398571566
82,4004,1,1,4,1,1,GT16D2N,GT16D2N-106,46,2016,GT,2,GT2,42.32644,-83.70953,8/24/2016,Bee,Apidae,Apis,mellifera,APME,Female,11/20/2016,MF,Y,Yes,7/31/2017,MZ,12,12,8,,130.5,6.5,1.5,0,5.75,0,0.770833333333333,6.5,0.75,1,0.229166666666667,0,0,0,0,0,0,0,0,0,0,117.125,9.25,0,13.125,94.75,16.9541666666667,1.5,0,2.3125,13.1416666666667,12,6.625,1,3.375,1,6.6875,3.8125,0.5,1.875,0.5,0.242605398571566
83,3957,1,1,4,1,0,GT16B2N,GT16B2N-60,45,2016,GT,2,GT2,42.32644,-83.70953,8/24/2016,Bee,Apidae,Bombus,impatiens,BOIM,Female,10/21/2016,MZ,Y,Yes,5/2/2017,MZ,6,6,4,,130.5,6.5,1.5,0,5.75,0,0.770833333333333,6.5,0.75,1,0.229166666666667,0,0,0,0,0,0,0,0,0,0,117.125,9.25,0,13.125,94.75,16.9541666666667,1.5,0,2.3125,13.1416666666667,12,6.625,1,3.375,1,6.6875,3.8125,0.5,1.875,0.5,0.242605398571566
84,2354,2,1,1,1,1,BP16B1N,BP16B1N-39,27,2016,BP,1,BP1,42.5732,-84.38707,8/10/2016,Bee,Apidae,Apis,mellifera,APME,Female,12/9/2016,MZ,Y,Yes,7/6/2017,MZ,11,11,7,wings torn up on edges,195.25,7.375,2.5,1.875,3.25,0.291666666666667,0.491937229437229,4.875,1.625,0.746103896103896,0.254166666666667,46.25,10,0.625,9.875,25.75,12.7380952380952,4.95238095238095,0.3125,1.89880952380952,5.57440476190476,94.625,5,0,8.25,80.875,15.4916666666667,0.890625,0,1.43020833333333,13.1083333333333,41.75,20.875,6.625,4.625,9.625,12.172619047619,7.33333333333333,2.23809523809524,0.708333333333333,1.89285714285714,0.652935063363089
85,2963,2,1,4,1,1,GT16C1N,GT16C1N-70,34,2016,GT,1,GT1,42.32644,-83.70953,8/17/2016,Bee,Apidae,Apis,mellifera,APME,Female,11/9/2016,ECC,Y,Yes,7/31/2017,MZ,12,12,8,,205.777777777778,6.44444444444444,2.33333333333333,0.444444444444444,3.33333333333333,0.0545634920634921,0.463039275539276,5.33333333333333,2,0.707936507936508,0.244897232397232,30.3333333333333,28.8888888888889,0,1.44444444444444,0,10.1851851851852,9.62962962962963,0,0.555555555555556,0,68.7777777777778,2.66666666666667,0,8.44444444444444,57.6666666666667,20.6299823633157,0.510934744268078,0,2.91975308641975,17.1992945326279,105.333333333333,34.8888888888889,57,6.88888888888889,6.55555555555556,19.1018518518519,7.08333333333333,9.22685185185185,1.15277777777778,1.63888888888889,0.649635244298445
86,4019,2,1,4,1,1,GT16D2N,GT16D2N-121,46,2016,GT,2,GT2,42.32644,-83.70953,8/24/2016,Bee,Apidae,Apis,mellifera,APME,Female,11/20/2016,MF,Y,Yes,5/18/2017,MZ,8,8,5,,130.5,6.5,1.5,0,5.75,0,0.770833333333333,6.5,0.75,1,0.229166666666667,0,0,0,0,0,0,0,0,0,0,117.125,9.25,0,13.125,94.75,16.9541666666667,1.5,0,2.3125,13.1416666666667,12,6.625,1,3.375,1,6.6875,3.8125,0.5,1.875,0.5,0.242605398571566
87,3949,2,2,1,1,1,GT16B2N,GT16B2N-52,45,2016,GT,2,GT2,42.32644,-83.70953,8/24/2016,Bee,Apidae,Bombus,impatiens,BOIM,Female,10/21/2016,MZ,Y,Yes,6/19/2017,MZ,9,9,6,,130.5,6.5,1.5,0,5.75,0,0.770833333333333,6.5,0.75,1,0.229166666666667,0,0,0,0,0,0,0,0,0,0,117.125,9.25,0,13.125,94.75,16.9541666666667,1.5,0,2.3125,13.1416666666667,12,6.625,1,3.375,1,6.6875,3.8125,0.5,1.875,0.5,0.242605398571566
88,3923,2,2,1,1,1,GT16A2N,GT16A2N-26,45,2016,GT,2,GT2,42.32644,-83.70953,8/24/2016,Bee,Apidae,Bombus,impatiens,BOIM,Female,10/20/2016,MZ,Y,Yes,6/30/2017,MZ,10,10,7,Replacement for 3911,130.5,6.5,1.5,0,5.75,0,0.770833333333333,6.5,0.75,1,0.229166666666667,0,0,0,0,0,0,0,0,0,0,117.125,9.25,0,13.125,94.75,16.9541666666667,1.5,0,2.3125,13.1416666666667,12,6.625,1,3.375,1,6.6875,3.8125,0.5,1.875,0.5,0.242605398571566
89,3934,2,2,1,1,0,GT16B2N,GT16B2N-37,45,2016,GT,2,GT2,42.32644,-83.70953,8/24/2016,Bee,Apidae,Bombus,impatiens,BOIM,Female,10/20/2016,MZ,Y,Yes,7/11/2017,MZ,11,11,8,,130.5,6.5,1.5,0,5.75,0,0.770833333333333,6.5,0.75,1,0.229166666666667,0,0,0,0,0,0,0,0,0,0,117.125,9.25,0,13.125,94.75,16.9541666666667,1.5,0,2.3125,13.1416666666667,12,6.625,1,3.375,1,6.6875,3.8125,0.5,1.875,0.5,0.242605398571566
90,3986,2,2,1,1,0,GT16C2N,GT16C2N-89,46,2016,GT,2,GT2,42.32644,-83.70953,8/24/2016,Bee,Apidae,Bombus,impatiens,BOIM,Female,11/20/2016,MF,Y,Yes,7/31/2017,MZ,12,12,8,,130.5,6.5,1.5,0,5.75,0,0.770833333333333,6.5,0.75,1,0.229166666666667,0,0,0,0,0,0,0,0,0,0,117.125,9.25,0,13.125,94.75,16.9541666666667,1.5,0,2.3125,13.1416666666667,12,6.625,1,3.375,1,6.6875,3.8125,0.5,1.875,0.5,0.242605398571566
91,3295,2,2,1,1,1,K16C1N,K16C1N-46,38,2016,K,1,K1,41.95222,-83.92257,8/21/2016,Bee,Apidae,Apis,mellifera,APME,Female,11/18/2016,MZ,Y,Yes,5/2/2017,MZ,6,6,4,fly and mite found in tube,46.25,1.125,0.625,0,0.875,0,0.333333333333333,1.125,0.25,0.5,0.166666666666667,0,0,0,0,0,0,0,0,0,0,28.25,2.25,0,1.625,24.375,12.2083333333333,0.916666666666667,0,0.645833333333333,10.6458333333333,18,4.5,12.25,1.25,0,18,4.5,12.25,1.25,0,0.0795642710368516
92,3321,2,2,1,1,1,K16D1N,K16D1N-72,38,2016,K,1,K1,41.95222,-83.92257,8/21/2016,Bee,Apidae,Apis,mellifera,APME,Female,11/18/2016,MZ,Y,Yes,5/2/2017,MZ,6,6,4,,46.25,1.125,0.625,0,0.875,0,0.333333333333333,1.125,0.25,0.5,0.166666666666667,0,0,0,0,0,0,0,0,0,0,28.25,2.25,0,1.625,24.375,12.2083333333333,0.916666666666667,0,0.645833333333333,10.6458333333333,18,4.5,12.25,1.25,0,18,4.5,12.25,1.25,0,0.0795642710368516
93,3297,2,2,1,1,0,K16C1N,K16C1N-48,38,2016,K,1,K1,41.95222,-83.92257,8/21/2016,Bee,Apidae,Apis,mellifera,APME,Female,11/18/2016,MZ,Y,Yes,7/6/2017,MZ,11,11,7,,46.25,1.125,0.625,0,0.875,0,0.333333333333333,1.125,0.25,0.5,0.166666666666667,0,0,0,0,0,0,0,0,0,0,28.25,2.25,0,1.625,24.375,12.2083333333333,0.916666666666667,0,0.645833333333333,10.6458333333333,18,4.5,12.25,1.25,0,18,4.5,12.25,1.25,0,0.0795642710368516
94,3280,2,2,1,1,0,K16B1N,K16B1N-31,38,2016,K,1,K1,41.95222,-83.92257,8/21/2016,Bee,Apidae,Bombus,impatiens,BOIM,Female,11/18/2016,MZ,Y,Yes,5/17/2017,MZ,8,8,5,,46.25,1.125,0.625,0,0.875,0,0.333333333333333,1.125,0.25,0.5,0.166666666666667,0,0,0,0,0,0,0,0,0,0,28.25,2.25,0,1.625,24.375,12.2083333333333,0.916666666666667,0,0.645833333333333,10.6458333333333,18,4.5,12.25,1.25,0,18,4.5,12.25,1.25,0,0.0795642710368516
95,3294,2,2,1,1,0,K16C1N,K16C1N-45,38,2016,K,1,K1,41.95222,-83.92257,8/21/2016,Bee,Apidae,Bombus,impatiens,BOIM,Female,11/18/2016,MZ,Y,Yes,5/15/2017,MZ,7,7,5,no hair on T1-T3,46.25,1.125,0.625,0,0.875,0,0.333333333333333,1.125,0.25,0.5,0.166666666666667,0,0,0,0,0,0,0,0,0,0,28.25,2.25,0,1.625,24.375,12.2083333333333,0.916666666666667,0,0.645833333333333,10.6458333333333,18,4.5,12.25,1.25,0,18,4.5,12.25,1.25,0,0.0795642710368516
96,3266,2,2,1,1,1,K16A1N,K16A1N-17,38,2016,K,1,K1,41.95222,-83.92257,8/21/2016,Bee,Apidae,Bombus,impatiens,BOIM,Female,11/18/2016,MZ,Y,Yes,7/6/2017,MZ,11,11,7,,46.25,1.125,0.625,0,0.875,0,0.333333333333333,1.125,0.25,0.5,0.166666666666667,0,0,0,0,0,0,0,0,0,0,28.25,2.25,0,1.625,24.375,12.2083333333333,0.916666666666667,0,0.645833333333333,10.6458333333333,18,4.5,12.25,1.25,0,18,4.5,12.25,1.25,0,0.0795642710368516
97,3287,2,2,1,1,1,K16B1N,K16B1N-38,38,2016,K,1,K1,41.95222,-83.92257,8/21/2016,Bee,Apidae,Bombus,impatiens,BOIM,Female,11/18/2016,MZ,Y,Yes,6/22/2017,MZ,10,10,7,,46.25,1.125,0.625,0,0.875,0,0.333333333333333,1.125,0.25,0.5,0.166666666666667,0,0,0,0,0,0,0,0,0,0,28.25,2.25,0,1.625,24.375,12.2083333333333,0.916666666666667,0,0.645833333333333,10.6458333333333,18,4.5,12.25,1.25,0,18,4.5,12.25,1.25,0,0.0795642710368516
98,3285,2,2,1,1,1,K16B1N,K16B1N-36,38,2016,K,1,K1,41.95222,-83.92257,8/21/2016,Bee,Apidae,Bombus,impatiens,BOIM,Female,11/18/2016,MZ,Y,Yes,7/6/2017,MZ,11,11,7,,46.25,1.125,0.625,0,0.875,0,0.333333333333333,1.125,0.25,0.5,0.166666666666667,0,0,0,0,0,0,0,0,0,0,28.25,2.25,0,1.625,24.375,12.2083333333333,0.916666666666667,0,0.645833333333333,10.6458333333333,18,4.5,12.25,1.25,0,18,4.5,12.25,1.25,0,0.0795642710368516
99,3327,2,2,1,1,1,K16D1N,K16D1N-78,38,2016,K,1,K1,41.95222,-83.92257,8/21/2016,Bee,Apidae,Bombus,impatiens,BOIM,Female,11/22/2016,MZ,Y,Yes,7/31/2017,MZ,12,12,8,,46.25,1.125,0.625,0,0.875,0,0.333333333333333,1.125,0.25,0.5,0.166666666666667,0,0,0,0,0,0,0,0,0,0,28.25,2.25,0,1.625,24.375,12.2083333333333,0.916666666666667,0,0.645833333333333,10.6458333333333,18,4.5,12.25,1.25,0,18,4.5,12.25,1.25,0,0.0795642710368516
100,3268,2,2,1,1,0,K16A1N,K16A1N-19,38,2016,K,1,K1,41.95222,-83.92257,8/21/2016,Bee,Apidae,Bombus,impatiens,BOIM,Female,11/18/2016,MZ,Y,Yes,7/31/2017,MZ,12,12,8,,46.25,1.125,0.625,0,0.875,0,0.333333333333333,1.125,0.25,0.5,0.166666666666667,0,0,0,0,0,0,0,0,0,0,28.25,2.25,0,1.625,24.375,12.2083333333333,0.916666666666667,0,0.645833333333333,10.6458333333333,18,4.5,12.25,1.25,0,18,4.5,12.25,1.25,0,0.0795642710368516
101,4393,2,2,1,1,0,K16D2N,K16D2N-93,50,2016,K,2,K2,41.95222,-83.92257,8/28/2016,Bee,Apidae,Apis,mellifera,APME,Female,11/7/2016,MF,Y,Yes,5/15/2017,MZ,7,7,5,,228.875,4,1.5,0,1.75,0,0.395833333333333,4.125,2.375,1.01388888888889,0.618055555555556,0,0,0,0,0,0,0,0,0,0,65.625,2.375,0.375,3.375,59.125,18.6041666666667,0.791666666666667,0.0625,0.958333333333333,16.6666666666667,158.25,57.375,85,14.625,1,44.1666666666667,15.7604166666667,24.0520833333333,4.04166666666667,0.25,0.30073495230114
102,4321,2,2,1,1,0,K16B2N,K16B2N-21,49,2016,K,2,K2,41.95222,-83.92257,8/28/2016,Bee,Apidae,Apis,mellifera,APME,Female,11/11/2016,MF,Y,Yes,6/19/2017,MZ,9,9,6,,228.875,4,1.5,0,1.75,0,0.395833333333333,4.125,2.375,1.01388888888889,0.618055555555556,0,0,0,0,0,0,0,0,0,0,65.625,2.375,0.375,3.375,59.125,18.6041666666667,0.791666666666667,0.0625,0.958333333333333,16.6666666666667,158.25,57.375,85,14.625,1,44.1666666666667,15.7604166666667,24.0520833333333,4.04166666666667,0.25,0.30073495230114
103,4431,2,2,1,1,1,K16D2N,K16D2N-131,51,2016,K,2,K2,41.95222,-83.92257,8/28/2016,Bee,Apidae,Apis,mellifera,APME,Female,10/28/2016,MF,Y,Yes,6/19/2017,MZ,9,9,6,,228.875,4,1.5,0,1.75,0,0.395833333333333,4.125,2.375,1.01388888888889,0.618055555555556,0,0,0,0,0,0,0,0,0,0,65.625,2.375,0.375,3.375,59.125,18.6041666666667,0.791666666666667,0.0625,0.958333333333333,16.6666666666667,158.25,57.375,85,14.625,1,44.1666666666667,15.7604166666667,24.0520833333333,4.04166666666667,0.25,0.30073495230114
104,4320,2,2,1,1,1,K16B2N,K16B2N-20,49,2016,K,2,K2,41.95222,-83.92257,8/28/2016,Bee,Apidae,Apis,mellifera,APME,Female,11/11/2016,MF,Y,Yes,6/27/2017,MZ,10,10,7,,228.875,4,1.5,0,1.75,0,0.395833333333333,4.125,2.375,1.01388888888889,0.618055555555556,0,0,0,0,0,0,0,0,0,0,65.625,2.375,0.375,3.375,59.125,18.6041666666667,0.791666666666667,0.0625,0.958333333333333,16.6666666666667,158.25,57.375,85,14.625,1,44.1666666666667,15.7604166666667,24.0520833333333,4.04166666666667,0.25,0.30073495230114
105,4322,2,2,1,1,1,K16B2N,K16B2N-22,49,2016,K,2,K2,41.95222,-83.92257,8/28/2016,Bee,Apidae,Apis,mellifera,APME,Female,11/11/2016,MF,Y,Yes,7/17/2017,MZ,11,11,8,,228.875,4,1.5,0,1.75,0,0.395833333333333,4.125,2.375,1.01388888888889,0.618055555555556,0,0,0,0,0,0,0,0,0,0,65.625,2.375,0.375,3.375,59.125,18.6041666666667,0.791666666666667,0.0625,0.958333333333333,16.6666666666667,158.25,57.375,85,14.625,1,44.1666666666667,15.7604166666667,24.0520833333333,4.04166666666667,0.25,0.30073495230114
106,4338,2,2,2,1,1,K16B2N,K16B2N-38,49,2016,K,2,K2,41.95222,-83.92257,8/28/2016,Bee,Apidae,Bombus,impatiens,BOIM,Female,11/11/2016,MF,Y,Yes,5/18/2017,MZ,8,8,5,,228.875,4,1.5,0,1.75,0,0.395833333333333,4.125,2.375,1.01388888888889,0.618055555555556,0,0,0,0,0,0,0,0,0,0,65.625,2.375,0.375,3.375,59.125,18.6041666666667,0.791666666666667,0.0625,0.958333333333333,16.6666666666667,158.25,57.375,85,14.625,1,44.1666666666667,15.7604166666667,24.0520833333333,4.04166666666667,0.25,0.30073495230114
107,4351,2,2,2,1,1,K16C2N,K16C2N-51,50,2016,K,2,K2,41.95222,-83.92257,8/28/2016,Bee,Apidae,Bombus,impatiens,BOIM,Female,11/4/2016,MF,Y,Yes,5/15/2017,MZ,7,7,5,,228.875,4,1.5,0,1.75,0,0.395833333333333,4.125,2.375,1.01388888888889,0.618055555555556,0,0,0,0,0,0,0,0,0,0,65.625,2.375,0.375,3.375,59.125,18.6041666666667,0.791666666666667,0.0625,0.958333333333333,16.6666666666667,158.25,57.375,85,14.625,1,44.1666666666667,15.7604166666667,24.0520833333333,4.04166666666667,0.25,0.30073495230114
108,4350,2,2,2,1,0,K16C2N,K16C2N-50,50,2016,K,2,K2,41.95222,-83.92257,8/28/2016,Bee,Apidae,Bombus,impatiens,BOIM,Female,11/4/2016,MF,Y,Yes,6/19/2017,MZ,9,9,6,mite on hind leg,228.875,4,1.5,0,1.75,0,0.395833333333333,4.125,2.375,1.01388888888889,0.618055555555556,0,0,0,0,0,0,0,0,0,0,65.625,2.375,0.375,3.375,59.125,18.6041666666667,0.791666666666667,0.0625,0.958333333333333,16.6666666666667,158.25,57.375,85,14.625,1,44.1666666666667,15.7604166666667,24.0520833333333,4.04166666666667,0.25,0.30073495230114
109,4353,2,2,2,1,1,K16C2N,K16C2N-53,50,2016,K,2,K2,41.95222,-83.92257,8/28/2016,Bee,Apidae,Bombus,impatiens,BOIM,Female,11/4/2016,MF,Y,Yes,6/27/2017,MZ,10,10,7,,228.875,4,1.5,0,1.75,0,0.395833333333333,4.125,2.375,1.01388888888889,0.618055555555556,0,0,0,0,0,0,0,0,0,0,65.625,2.375,0.375,3.375,59.125,18.6041666666667,0.791666666666667,0.0625,0.958333333333333,16.6666666666667,158.25,57.375,85,14.625,1,44.1666666666667,15.7604166666667,24.0520833333333,4.04166666666667,0.25,0.30073495230114
110,4335,2,2,2,1,0,K16B2N,K16B2N-35,49,2016,K,2,K2,41.95222,-83.92257,8/28/2016,Bee,Apidae,Bombus,impatiens,BOIM,Female,11/11/2016,MF,Y,Yes,8/3/2017,MZ,12,12,8,,228.875,4,1.5,0,1.75,0,0.395833333333333,4.125,2.375,1.01388888888889,0.618055555555556,0,0,0,0,0,0,0,0,0,0,65.625,2.375,0.375,3.375,59.125,18.6041666666667,0.791666666666667,0.0625,0.958333333333333,16.6666666666667,158.25,57.375,85,14.625,1,44.1666666666667,15.7604166666667,24.0520833333333,4.04166666666667,0.25,0.30073495230114
111,4319,2,2,2,1,0,K16A2N,K16A2N-19,49,2016,K,2,K2,41.95222,-83.92257,8/28/2016,Bee,Apidae,Bombus,impatiens,BOIM,Female,11/11/2016,MF,Y,Yes,7/31/2017,MZ,12,12,8,,228.875,4,1.5,0,1.75,0,0.395833333333333,4.125,2.375,1.01388888888889,0.618055555555556,0,0,0,0,0,0,0,0,0,0,65.625,2.375,0.375,3.375,59.125,18.6041666666667,0.791666666666667,0.0625,0.958333333333333,16.6666666666667,158.25,57.375,85,14.625,1,44.1666666666667,15.7604166666667,24.0520833333333,4.04166666666667,0.25,0.30073495230114
112,4337,2,2,2,1,0,K16B2N,K16B2N-37,49,2016,K,2,K2,41.95222,-83.92257,8/28/2016,Bee,Apidae,Bombus,impatiens,BOIM,Female,11/11/2016,MF,Y,Yes,8/3/2017,MZ,12,12,8,,228.875,4,1.5,0,1.75,0,0.395833333333333,4.125,2.375,1.01388888888889,0.618055555555556,0,0,0,0,0,0,0,0,0,0,65.625,2.375,0.375,3.375,59.125,18.6041666666667,0.791666666666667,0.0625,0.958333333333333,16.6666666666667,158.25,57.375,85,14.625,1,44.1666666666667,15.7604166666667,24.0520833333333,4.04166666666667,0.25,0.30073495230114
113,4355,2,2,2,1,1,K16C2N,K16C2N-55,50,2016,K,2,K2,41.95222,-83.92257,8/28/2016,Bee,Apidae,Bombus,impatiens,BOIM,Female,11/4/2016,MF,Y,Yes,8/3/2017,MZ,12,12,8,,228.875,4,1.5,0,1.75,0,0.395833333333333,4.125,2.375,1.01388888888889,0.618055555555556,0,0,0,0,0,0,0,0,0,0,65.625,2.375,0.375,3.375,59.125,18.6041666666667,0.791666666666667,0.0625,0.958333333333333,16.6666666666667,158.25,57.375,85,14.625,1,44.1666666666667,15.7604166666667,24.0520833333333,4.04166666666667,0.25,0.30073495230114
114,2476,2,2,2,1,0,PL16A1N,PL16A1N-2,29,2016,PL,1,PL1,42.33729,-83.55478,8/11/2016,Bee,Apidae,Apis,mellifera,APME,Female,12/1/2016,ECC,Y,Yes,5/1/2017,MZ,6,6,4,,130.75,10,2.875,0.125,2.5,0.00431034482758621,0.292672413793103,8.375,5.875,0.929813218390805,0.637140804597701,0.5,0.5,0,0,0,0.5,0.5,0,0,0,47.75,5,0,15.25,19.25,22.5446428571429,2.02678571428571,0,2.39285714285714,14,73.625,41.375,0,20.625,11.625,12.3416666666667,9.02569444444444,0,1.86527777777778,1.45069444444444,0.869724250933382
115,2533,2,2,2,1,1,PL16D1N,PL16D1N-59,29,2016,PL,1,PL1,42.33729,-83.55478,8/11/2016,Bee,Apidae,Apis,mellifera,APME,Female,12/7/2016,ECC,Y,Yes,5/2/2017,MZ,6,6,4,found with mite (very small and almot clear) and also peice of leg excoskeleton?,130.75,10,2.875,0.125,2.5,0.00431034482758621,0.292672413793103,8.375,5.875,0.929813218390805,0.637140804597701,0.5,0.5,0,0,0,0.5,0.5,0,0,0,47.75,5,0,15.25,19.25,22.5446428571429,2.02678571428571,0,2.39285714285714,14,73.625,41.375,0,20.625,11.625,12.3416666666667,9.02569444444444,0,1.86527777777778,1.45069444444444,0.869724250933382
116,2475,2,2,2,1,0,PL16A1N,PL16A1N-1,29,2016,PL,1,PL1,42.33729,-83.55478,8/11/2016,Bee,Apidae,Apis,mellifera,APME,Female,12/1/2016,ECC,Y,Yes,5/1/2017,MZ,6,6,4,found with flower,130.75,10,2.875,0.125,2.5,0.00431034482758621,0.292672413793103,8.375,5.875,0.929813218390805,0.637140804597701,0.5,0.5,0,0,0,0.5,0.5,0,0,0,47.75,5,0,15.25,19.25,22.5446428571429,2.02678571428571,0,2.39285714285714,14,73.625,41.375,0,20.625,11.625,12.3416666666667,9.02569444444444,0,1.86527777777778,1.45069444444444,0.869724250933382
117,2534,2,2,2,1,1,PL16D1N,PL16D1N-60,29,2016,PL,1,PL1,42.33729,-83.55478,8/11/2016,Bee,Apidae,Apis,mellifera,APME,Female,12/8/2016,ECC,Y,Yes,5/11/2017,MZ,7,7,4,,130.75,10,2.875,0.125,2.5,0.00431034482758621,0.292672413793103,8.375,5.875,0.929813218390805,0.637140804597701,0.5,0.5,0,0,0,0.5,0.5,0,0,0,47.75,5,0,15.25,19.25,22.5446428571429,2.02678571428571,0,2.39285714285714,14,73.625,41.375,0,20.625,11.625,12.3416666666667,9.02569444444444,0,1.86527777777778,1.45069444444444,0.869724250933382
118,2604,2,2,2,1,1,PL16C1P,PL16C1P-130,30,2016,PL,1,PL1,42.33729,-83.55478,8/11/2016,Bee,Apidae,Apis,mellifera,APME,Female,12/7/2016,MF,Y,Yes,5/17/2017,MZ,8,8,5,,130.75,10,2.875,0.125,2.5,0.00431034482758621,0.292672413793103,8.375,5.875,0.929813218390805,0.637140804597701,0.5,0.5,0,0,0,0.5,0.5,0,0,0,47.75,5,0,15.25,19.25,22.5446428571429,2.02678571428571,0,2.39285714285714,14,73.625,41.375,0,20.625,11.625,12.3416666666667,9.02569444444444,0,1.86527777777778,1.45069444444444,0.869724250933382
119,2499,2,2,2,1,1,PL16B1N,PL16B1N-25,29,2016,PL,1,PL1,42.33729,-83.55478,8/11/2016,Bee,Apidae,Apis,mellifera,APME,Female,12/7/2016,ECC,Y,Yes,5/17/2017,MZ,8,8,5,,130.75,10,2.875,0.125,2.5,0.00431034482758621,0.292672413793103,8.375,5.875,0.929813218390805,0.637140804597701,0.5,0.5,0,0,0,0.5,0.5,0,0,0,47.75,5,0,15.25,19.25,22.5446428571429,2.02678571428571,0,2.39285714285714,14,73.625,41.375,0,20.625,11.625,12.3416666666667,9.02569444444444,0,1.86527777777778,1.45069444444444,0.869724250933382
120,2602,2,2,2,1,1,PL16C1P,PL16C1P-128,30,2016,PL,1,PL1,42.33729,-83.55478,8/11/2016,Bee,Apidae,Apis,mellifera,APME,Female,12/7/2016,MF,Y,Yes,6/22/2017,MZ,10,10,6,,130.75,10,2.875,0.125,2.5,0.00431034482758621,0.292672413793103,8.375,5.875,0.929813218390805,0.637140804597701,0.5,0.5,0,0,0,0.5,0.5,0,0,0,47.75,5,0,15.25,19.25,22.5446428571429,2.02678571428571,0,2.39285714285714,14,73.625,41.375,0,20.625,11.625,12.3416666666667,9.02569444444444,0,1.86527777777778,1.45069444444444,0.869724250933382
121,2554,2,2,2,1,0,PL16A1P,PL16A1P-80,30,2016,PL,1,PL1,42.33729,-83.55478,8/11/2016,Bee,Apidae,Apis,mellifera,APME,Female,12/7/2016,MF,Y,Yes,7/6/2017,MZ,11,11,7,,130.75,10,2.875,0.125,2.5,0.00431034482758621,0.292672413793103,8.375,5.875,0.929813218390805,0.637140804597701,0.5,0.5,0,0,0,0.5,0.5,0,0,0,47.75,5,0,15.25,19.25,22.5446428571429,2.02678571428571,0,2.39285714285714,14,73.625,41.375,0,20.625,11.625,12.3416666666667,9.02569444444444,0,1.86527777777778,1.45069444444444,0.869724250933382
122,2540,2,2,2,1,1,PL16D1N,PL16D1N-66,29,2016,PL,1,PL1,42.33729,-83.55478,8/11/2016,Bee,Apidae,Bombus,impatiens,BOIM,Female,12/8/2016,ECC,Y,Yes,5/17/2017,MZ,8,8,5,,130.75,10,2.875,0.125,2.5,0.00431034482758621,0.292672413793103,8.375,5.875,0.929813218390805,0.637140804597701,0.5,0.5,0,0,0,0.5,0.5,0,0,0,47.75,5,0,15.25,19.25,22.5446428571429,2.02678571428571,0,2.39285714285714,14,73.625,41.375,0,20.625,11.625,12.3416666666667,9.02569444444444,0,1.86527777777778,1.45069444444444,0.869724250933382
123,2493,2,2,2,1,0,PL16A1N,PL16A1N-19,29,2016,PL,1,PL1,42.33729,-83.55478,8/11/2016,Bee,Apidae,Bombus,impatiens,BOIM,Female,12/7/2016,ECC,Y,Yes,6/19/2017,MZ,9,9,6,,130.75,10,2.875,0.125,2.5,0.00431034482758621,0.292672413793103,8.375,5.875,0.929813218390805,0.637140804597701,0.5,0.5,0,0,0,0.5,0.5,0,0,0,47.75,5,0,15.25,19.25,22.5446428571429,2.02678571428571,0,2.39285714285714,14,73.625,41.375,0,20.625,11.625,12.3416666666667,9.02569444444444,0,1.86527777777778,1.45069444444444,0.869724250933382
124,2494,2,2,2,1,0,PL16A1N,PL16A1N-20,29,2016,PL,1,PL1,42.33729,-83.55478,8/11/2016,Bee,Apidae,Bombus,impatiens,BOIM,Female,12/7/2016,ECC,Y,Yes,6/22/2017,MZ,10,10,6,,130.75,10,2.875,0.125,2.5,0.00431034482758621,0.292672413793103,8.375,5.875,0.929813218390805,0.637140804597701,0.5,0.5,0,0,0,0.5,0.5,0,0,0,47.75,5,0,15.25,19.25,22.5446428571429,2.02678571428571,0,2.39285714285714,14,73.625,41.375,0,20.625,11.625,12.3416666666667,9.02569444444444,0,1.86527777777778,1.45069444444444,0.869724250933382
125,2496,2,2,2,1,1,PL16A1N,PL16A1N-22,29,2016,PL,1,PL1,42.33729,-83.55478,8/11/2016,Bee,Apidae,Bombus,impatiens,BOIM,Female,12/7/2016,ECC,Y,Yes,7/6/2017,MZ,11,11,7,insect larva (red colored) found halfway imbedded into pollen clump on bees' leg,130.75,10,2.875,0.125,2.5,0.00431034482758621,0.292672413793103,8.375,5.875,0.929813218390805,0.637140804597701,0.5,0.5,0,0,0,0.5,0.5,0,0,0,47.75,5,0,15.25,19.25,22.5446428571429,2.02678571428571,0,2.39285714285714,14,73.625,41.375,0,20.625,11.625,12.3416666666667,9.02569444444444,0,1.86527777777778,1.45069444444444,0.869724250933382
126,2497,2,2,2,1,1,PL16A1N,PL16A1N-23,29,2016,PL,1,PL1,42.33729,-83.55478,8/11/2016,Bee,Apidae,Bombus,impatiens,BOIM,Female,12/7/2016,ECC,Y,Yes,7/6/2017,MZ,11,11,7,,130.75,10,2.875,0.125,2.5,0.00431034482758621,0.292672413793103,8.375,5.875,0.929813218390805,0.637140804597701,0.5,0.5,0,0,0,0.5,0.5,0,0,0,47.75,5,0,15.25,19.25,22.5446428571429,2.02678571428571,0,2.39285714285714,14,73.625,41.375,0,20.625,11.625,12.3416666666667,9.02569444444444,0,1.86527777777778,1.45069444444444,0.869724250933382
127,2491,2,2,3,1,1,PL16A1N,PL16A1N-17,29,2016,PL,1,PL1,42.33729,-83.55478,8/11/2016,Bee,Apidae,Bombus,impatiens,BOIM,Female,12/7/2016,ECC,Y,Yes,5/11/2017,MZ,7,7,4,,130.75,10,2.875,0.125,2.5,0.00431034482758621,0.292672413793103,8.375,5.875,0.929813218390805,0.637140804597701,0.5,0.5,0,0,0,0.5,0.5,0,0,0,47.75,5,0,15.25,19.25,22.5446428571429,2.02678571428571,0,2.39285714285714,14,73.625,41.375,0,20.625,11.625,12.3416666666667,9.02569444444444,0,1.86527777777778,1.45069444444444,0.869724250933382
128,2492,2,2,3,1,1,PL16A1N,PL16A1N-18,29,2016,PL,1,PL1,42.33729,-83.55478,8/11/2016,Bee,Apidae,Bombus,impatiens,BOIM,Female,12/7/2016,ECC,Y,Yes,5/2/2017,MZ,6,6,4,,130.75,10,2.875,0.125,2.5,0.00431034482758621,0.292672413793103,8.375,5.875,0.929813218390805,0.637140804597701,0.5,0.5,0,0,0,0.5,0.5,0,0,0,47.75,5,0,15.25,19.25,22.5446428571429,2.02678571428571,0,2.39285714285714,14,73.625,41.375,0,20.625,11.625,12.3416666666667,9.02569444444444,0,1.86527777777778,1.45069444444444,0.869724250933382
129,4649,2,2,3,1,1,PL16D2N,PL16D2N-167,53,2016,PL,2,PL2,42.33729,-83.55478,8/30/2016,Bee,Apidae,Apis,mellifera,APME,Female,10/12/2016,MF,Y,Yes,5/15/2017,MZ,7,7,5,,275.125,9,2,1.875,6.375,0.332465277777778,0.593923611111111,7,0.625,0.642534722222222,0.0486111111111111,58,11,29.875,0.875,16.25,17.0595238095238,4.11904761904762,9.31547619047619,0.446428571428571,3.17857142857143,152.375,12.125,12.625,14.75,112.875,18.724255952381,1.17797619047619,1.33020833333333,1.81636904761905,14.3997023809524,60.5,7.25,49.875,2.25,1.125,16.53125,2.375,12.46875,0.5625,1.125,0.38006481863833
130,4663,2,2,3,1,1,PL16D2N,PL16D2N-181,53,2016,PL,2,PL2,42.33729,-83.55478,8/30/2016,Bee,Apidae,Apis,mellifera,APME,Female,10/17/2016,MF,Y,Yes,5/18/2017,MZ,8,8,5,,275.125,9,2,1.875,6.375,0.332465277777778,0.593923611111111,7,0.625,0.642534722222222,0.0486111111111111,58,11,29.875,0.875,16.25,17.0595238095238,4.11904761904762,9.31547619047619,0.446428571428571,3.17857142857143,152.375,12.125,12.625,14.75,112.875,18.724255952381,1.17797619047619,1.33020833333333,1.81636904761905,14.3997023809524,60.5,7.25,49.875,2.25,1.125,16.53125,2.375,12.46875,0.5625,1.125,0.38006481863833
131,4532,2,2,3,1,1,PL16B2N,PL16B2N-51,52,2016,PL,2,PL2,42.33729,-83.55478,8/30/2016,Bee,Apidae,Apis,mellifera,APME,Female,9/28/2016,MF,Y,Yes,6/20/2017,MZ,9,9,6,,275.125,9,2,1.875,6.375,0.332465277777778,0.593923611111111,7,0.625,0.642534722222222,0.0486111111111111,58,11,29.875,0.875,16.25,17.0595238095238,4.11904761904762,9.31547619047619,0.446428571428571,3.17857142857143,152.375,12.125,12.625,14.75,112.875,18.724255952381,1.17797619047619,1.33020833333333,1.81636904761905,14.3997023809524,60.5,7.25,49.875,2.25,1.125,16.53125,2.375,12.46875,0.5625,1.125,0.38006481863833
132,4664,2,2,3,1,1,PL16D2N,PL16D2N-182,53,2016,PL,2,PL2,42.33729,-83.55478,8/30/2016,Bee,Apidae,Apis,mellifera,APME,Female,10/17/2016,MF,Y,Yes,6/20/2017,MZ,9,9,6,,275.125,9,2,1.875,6.375,0.332465277777778,0.593923611111111,7,0.625,0.642534722222222,0.0486111111111111,58,11,29.875,0.875,16.25,17.0595238095238,4.11904761904762,9.31547619047619,0.446428571428571,3.17857142857143,152.375,12.125,12.625,14.75,112.875,18.724255952381,1.17797619047619,1.33020833333333,1.81636904761905,14.3997023809524,60.5,7.25,49.875,2.25,1.125,16.53125,2.375,12.46875,0.5625,1.125,0.38006481863833
133,4669,2,2,3,1,1,PL16D2N,PL16D2N-187,53,2016,PL,2,PL2,42.33729,-83.55478,8/30/2016,Bee,Apidae,Apis,mellifera,APME,Female,10/17/2016,MF,Y,Yes,6/29/2017,MZ,10,10,7,,275.125,9,2,1.875,6.375,0.332465277777778,0.593923611111111,7,0.625,0.642534722222222,0.0486111111111111,58,11,29.875,0.875,16.25,17.0595238095238,4.11904761904762,9.31547619047619,0.446428571428571,3.17857142857143,152.375,12.125,12.625,14.75,112.875,18.724255952381,1.17797619047619,1.33020833333333,1.81636904761905,14.3997023809524,60.5,7.25,49.875,2.25,1.125,16.53125,2.375,12.46875,0.5625,1.125,0.38006481863833
134,4550,2,2,3,1,1,PL16B2N,PL16B2N-69,52,2016,PL,2,PL2,42.33729,-83.55478,8/30/2016,Bee,Apidae,Apis,mellifera,APME,Female,9/28/2016,MF,Y,Yes,9/22/2017,MZ,NA,13,8,,275.125,9,2,1.875,6.375,0.332465277777778,0.593923611111111,7,0.625,0.642534722222222,0.0486111111111111,58,11,29.875,0.875,16.25,17.0595238095238,4.11904761904762,9.31547619047619,0.446428571428571,3.17857142857143,152.375,12.125,12.625,14.75,112.875,18.724255952381,1.17797619047619,1.33020833333333,1.81636904761905,14.3997023809524,60.5,7.25,49.875,2.25,1.125,16.53125,2.375,12.46875,0.5625,1.125,0.38006481863833
135,4487,2,2,3,1,1,PL16A2N,PL16A2N-6,51,2016,PL,2,PL2,42.33729,-83.55478,8/30/2016,Bee,Apidae,Apis,mellifera,APME,Female,9/28/2016,MF,Y,Yes,7/17/2017,MZ,11,11,8,,275.125,9,2,1.875,6.375,0.332465277777778,0.593923611111111,7,0.625,0.642534722222222,0.0486111111111111,58,11,29.875,0.875,16.25,17.0595238095238,4.11904761904762,9.31547619047619,0.446428571428571,3.17857142857143,152.375,12.125,12.625,14.75,112.875,18.724255952381,1.17797619047619,1.33020833333333,1.81636904761905,14.3997023809524,60.5,7.25,49.875,2.25,1.125,16.53125,2.375,12.46875,0.5625,1.125,0.38006481863833
136,4668,2,2,3,1,1,PL16D2N,PL16D2N-186,53,2016,PL,2,PL2,42.33729,-83.55478,8/30/2016,Bee,Apidae,Apis,mellifera,APME,Female,10/17/2016,MF,Y,Yes,7/17/2017,MZ,11,11,8,,275.125,9,2,1.875,6.375,0.332465277777778,0.593923611111111,7,0.625,0.642534722222222,0.0486111111111111,58,11,29.875,0.875,16.25,17.0595238095238,4.11904761904762,9.31547619047619,0.446428571428571,3.17857142857143,152.375,12.125,12.625,14.75,112.875,18.724255952381,1.17797619047619,1.33020833333333,1.81636904761905,14.3997023809524,60.5,7.25,49.875,2.25,1.125,16.53125,2.375,12.46875,0.5625,1.125,0.38006481863833
137,4624,2,2,3,1,1,PL16C2N,PL16C2N-143,53,2016,PL,2,PL2,42.33729,-83.55478,8/30/2016,Bee,Apidae,Bombus,impatiens,BOIM,Female,10/12/2016,MF,Y,Yes,5/2/2017,MZ,6,6,4,,275.125,9,2,1.875,6.375,0.332465277777778,0.593923611111111,7,0.625,0.642534722222222,0.0486111111111111,58,11,29.875,0.875,16.25,17.0595238095238,4.11904761904762,9.31547619047619,0.446428571428571,3.17857142857143,152.375,12.125,12.625,14.75,112.875,18.724255952381,1.17797619047619,1.33020833333333,1.81636904761905,14.3997023809524,60.5,7.25,49.875,2.25,1.125,16.53125,2.375,12.46875,0.5625,1.125,0.38006481863833
138,4501,2,2,3,1,1,PL16A2N,PL16A2N-20,51,2016,PL,2,PL2,42.33729,-83.55478,8/30/2016,Bee,Apidae,Bombus,impatiens,BOIM,Female,9/28/2016,MF,Y,Yes,5/2/2017,MZ,6,6,4,,275.125,9,2,1.875,6.375,0.332465277777778,0.593923611111111,7,0.625,0.642534722222222,0.0486111111111111,58,11,29.875,0.875,16.25,17.0595238095238,4.11904761904762,9.31547619047619,0.446428571428571,3.17857142857143,152.375,12.125,12.625,14.75,112.875,18.724255952381,1.17797619047619,1.33020833333333,1.81636904761905,14.3997023809524,60.5,7.25,49.875,2.25,1.125,16.53125,2.375,12.46875,0.5625,1.125,0.38006481863833
139,4612,2,2,3,1,1,PL16C2N,PL16C2N-131,53,2016,PL,2,PL2,42.33729,-83.55478,8/30/2016,Bee,Apidae,Bombus,impatiens,BOIM,Female,10/12/2016,MF,Y,Yes,5/2/2017,MZ,6,6,4,,275.125,9,2,1.875,6.375,0.332465277777778,0.593923611111111,7,0.625,0.642534722222222,0.0486111111111111,58,11,29.875,0.875,16.25,17.0595238095238,4.11904761904762,9.31547619047619,0.446428571428571,3.17857142857143,152.375,12.125,12.625,14.75,112.875,18.724255952381,1.17797619047619,1.33020833333333,1.81636904761905,14.3997023809524,60.5,7.25,49.875,2.25,1.125,16.53125,2.375,12.46875,0.5625,1.125,0.38006481863833
140,4513,2,2,3,1,1,PL16A2N,PL16A2N-32,51,2016,PL,2,PL2,42.33729,-83.55478,8/30/2016,Bee,Apidae,Bombus,impatiens,BOIM,Female,9/28/2016,MF,Y,Yes,6/20/2017,MZ,9,9,6,,275.125,9,2,1.875,6.375,0.332465277777778,0.593923611111111,7,0.625,0.642534722222222,0.0486111111111111,58,11,29.875,0.875,16.25,17.0595238095238,4.11904761904762,9.31547619047619,0.446428571428571,3.17857142857143,152.375,12.125,12.625,14.75,112.875,18.724255952381,1.17797619047619,1.33020833333333,1.81636904761905,14.3997023809524,60.5,7.25,49.875,2.25,1.125,16.53125,2.375,12.46875,0.5625,1.125,0.38006481863833
141,4527,2,2,3,1,1,PL16A2N,PL16A2N-46,52,2016,PL,2,PL2,42.33729,-83.55478,8/30/2016,Bee,Apidae,Bombus,impatiens,BOIM,Female,9/28/2016,MF,Y,Yes,6/29/2017,MZ,10,10,7,mites between thorax and abdomen,275.125,9,2,1.875,6.375,0.332465277777778,0.593923611111111,7,0.625,0.642534722222222,0.0486111111111111,58,11,29.875,0.875,16.25,17.0595238095238,4.11904761904762,9.31547619047619,0.446428571428571,3.17857142857143,152.375,12.125,12.625,14.75,112.875,18.724255952381,1.17797619047619,1.33020833333333,1.81636904761905,14.3997023809524,60.5,7.25,49.875,2.25,1.125,16.53125,2.375,12.46875,0.5625,1.125,0.38006481863833
142,4496,2,2,3,1,1,PL16A2N,PL16A2N-15,51,2016,PL,2,PL2,42.33729,-83.55478,8/30/2016,Bee,Apidae,Bombus,impatiens,BOIM,Female,9/28/2016,MF,Y,Yes,6/27/2017,MZ,10,10,7,,275.125,9,2,1.875,6.375,0.332465277777778,0.593923611111111,7,0.625,0.642534722222222,0.0486111111111111,58,11,29.875,0.875,16.25,17.0595238095238,4.11904761904762,9.31547619047619,0.446428571428571,3.17857142857143,152.375,12.125,12.625,14.75,112.875,18.724255952381,1.17797619047619,1.33020833333333,1.81636904761905,14.3997023809524,60.5,7.25,49.875,2.25,1.125,16.53125,2.375,12.46875,0.5625,1.125,0.38006481863833
143,4518,2,2,3,1,1,PL16A2N,PL16A2N-37,51,2016,PL,2,PL2,42.33729,-83.55478,8/30/2016,Bee,Apidae,Bombus,impatiens,BOIM,Female,9/28/2016,MF,Y,Yes,6/29/2017,MZ,10,10,7,mite between thorax and abdomen,275.125,9,2,1.875,6.375,0.332465277777778,0.593923611111111,7,0.625,0.642534722222222,0.0486111111111111,58,11,29.875,0.875,16.25,17.0595238095238,4.11904761904762,9.31547619047619,0.446428571428571,3.17857142857143,152.375,12.125,12.625,14.75,112.875,18.724255952381,1.17797619047619,1.33020833333333,1.81636904761905,14.3997023809524,60.5,7.25,49.875,2.25,1.125,16.53125,2.375,12.46875,0.5625,1.125,0.38006481863833
144,4625,2,2,3,1,1,PL16C2N,PL16C2N-144A,53,2016,PL,2,PL2,42.33729,-83.55478,8/30/2016,Bee,Apidae,Bombus,impatiens,BOIM,Female,10/12/2016,MF,Y,Yes,8/3/2017,MZ,12,12,8,,275.125,9,2,1.875,6.375,0.332465277777778,0.593923611111111,7,0.625,0.642534722222222,0.0486111111111111,58,11,29.875,0.875,16.25,17.0595238095238,4.11904761904762,9.31547619047619,0.446428571428571,3.17857142857143,152.375,12.125,12.625,14.75,112.875,18.724255952381,1.17797619047619,1.33020833333333,1.81636904761905,14.3997023809524,60.5,7.25,49.875,2.25,1.125,16.53125,2.375,12.46875,0.5625,1.125,0.38006481863833
145,1749,2,2,3,1,1,PR16A1N,PR16A1N-2,21,2016,PR,1,PR1,42.84507,-84.37847,7/26/2016,Bee,Apidae,Bombus,impatiens,BOIM,Female,12/8/2016,ECC,Y,Yes,5/1/2017,MZ,6,6,4,,1420.75,38.5,3.125,0,0.5,0,0.019432261208577,38,37.5,0.991685078513375,0.972252817304798,0,0,0,0,0,0,0,0,0,0,1.75,1,0,0.25,0.5,1.1875,0.75,0,0.1875,0.25,1381,555.5,313.125,407.125,105,59.2981090600576,27.1456870063488,15.836528211712,14.1841197405536,2.12854016898135,0.822361548323712
146,1764,2,2,3,1,0,PR16B1N,PR16B1N-17,21,2016,PR,1,PR1,42.84507,-84.37847,7/26/2016,Bee,Apidae,Bombus,impatiens,BOIM,Female,12/8/2016,ECC,Y,Yes,7/6/2017,MZ,11,11,7,,1420.75,38.5,3.125,0,0.5,0,0.019432261208577,38,37.5,0.991685078513375,0.972252817304798,0,0,0,0,0,0,0,0,0,0,1.75,1,0,0.25,0.5,1.1875,0.75,0,0.1875,0.25,1381,555.5,313.125,407.125,105,59.2981090600576,27.1456870063488,15.836528211712,14.1841197405536,2.12854016898135,0.822361548323712
147,3723,2,2,4,1,1,PR16D2N,PR16D2N-229,43,2016,PR,2,PR2,42.84507,-84.37847,8/23/2016,Bee,Apidae,Apis,mellifera,APME,Female,11/1/2016,MZ,Y,Yes,5/18/2017,MZ,8,8,5,,681.125,17.125,1.5,0.25,16.375,0.00609756097560976,0.970020325203252,16.875,0.5,0.99390243902439,0.0238821138211382,21.125,15.75,2.625,0.875,1.875,10.5625,7.875,1.3125,0.4375,0.9375,434.125,6.625,0,40.625,375.125,22.7997132704757,0.347209810957876,0,2.33338302725396,19.6056335901586,128.625,14,29,5.75,79.875,68.125,7.4375,14.5,3.1875,43,0.108966242670582
148,3743,2,2,4,1,0,PR16D2N,PR16D2N-249,43,2016,PR,2,PR2,42.84507,-84.37847,8/23/2016,Bee,Apidae,Apis,mellifera,APME,Female,11/1/2016,MZ,Y,Yes,6/19/2017,MZ,9,9,6,,681.125,17.125,1.5,0.25,16.375,0.00609756097560976,0.970020325203252,16.875,0.5,0.99390243902439,0.0238821138211382,21.125,15.75,2.625,0.875,1.875,10.5625,7.875,1.3125,0.4375,0.9375,434.125,6.625,0,40.625,375.125,22.7997132704757,0.347209810957876,0,2.33338302725396,19.6056335901586,128.625,14,29,5.75,79.875,68.125,7.4375,14.5,3.1875,43,0.108966242670582
149,3687,2,2,4,1,0,PR16D2N,PR16D2N-187,42,2016,PR,2,PR2,42.84507,-84.37847,8/23/2016,Bee,Apidae,Apis,mellifera,APME,Female,10/28/2016,MZ,Y,Yes,7/11/2017,MZ,11,11,7,,681.125,17.125,1.5,0.25,16.375,0.00609756097560976,0.970020325203252,16.875,0.5,0.99390243902439,0.0238821138211382,21.125,15.75,2.625,0.875,1.875,10.5625,7.875,1.3125,0.4375,0.9375,434.125,6.625,0,40.625,375.125,22.7997132704757,0.347209810957876,0,2.33338302725396,19.6056335901586,128.625,14,29,5.75,79.875,68.125,7.4375,14.5,3.1875,43,0.108966242670582
150,3739,3,2,4,1,1,PR16D2N,PR16D2N-245,43,2016,PR,2,PR2,42.84507,-84.37847,8/23/2016,Bee,Apidae,Apis,mellifera,APME,Female,11/1/2016,MZ,Y,Yes,6/27/2017,MZ,10,10,7,,681.125,17.125,1.5,0.25,16.375,0.00609756097560976,0.970020325203252,16.875,0.5,0.99390243902439,0.0238821138211382,21.125,15.75,2.625,0.875,1.875,10.5625,7.875,1.3125,0.4375,0.9375,434.125,6.625,0,40.625,375.125,22.7997132704757,0.347209810957876,0,2.33338302725396,19.6056335901586,128.625,14,29,5.75,79.875,68.125,7.4375,14.5,3.1875,43,0.108966242670582
151,3805,3,2,4,1,1,PR16D2N,PR16D2N-311,44,2016,PR,2,PR2,42.84507,-84.37847,8/23/2016,Bee,Apidae,Apis,mellifera,APME,Female,11/8/2016,MZ,Y,Yes,7/11/2017,MZ,11,11,8,Red spider also found in tube,681.125,17.125,1.5,0.25,16.375,0.00609756097560976,0.970020325203252,16.875,0.5,0.99390243902439,0.0238821138211382,21.125,15.75,2.625,0.875,1.875,10.5625,7.875,1.3125,0.4375,0.9375,434.125,6.625,0,40.625,375.125,22.7997132704757,0.347209810957876,0,2.33338302725396,19.6056335901586,128.625,14,29,5.75,79.875,68.125,7.4375,14.5,3.1875,43,0.108966242670582
152,3810,3,2,4,1,1,PR16D2N,PR16D2N-316,44,2016,PR,2,PR2,42.84507,-84.37847,8/23/2016,Bee,Apidae,Apis,mellifera,APME,Female,11/8/2016,MZ,Y,Yes,9/15/2017,MZ,NA,13,8,,681.125,17.125,1.5,0.25,16.375,0.00609756097560976,0.970020325203252,16.875,0.5,0.99390243902439,0.0238821138211382,21.125,15.75,2.625,0.875,1.875,10.5625,7.875,1.3125,0.4375,0.9375,434.125,6.625,0,40.625,375.125,22.7997132704757,0.347209810957876,0,2.33338302725396,19.6056335901586,128.625,14,29,5.75,79.875,68.125,7.4375,14.5,3.1875,43,0.108966242670582
153,3751,3,2,4,1,0,PR16D2N,PR16D2N-257,43,2016,PR,2,PR2,42.84507,-84.37847,8/23/2016,Bee,Apidae,Apis,mellifera,APME,Female,11/1/2016,MZ,Y,Yes,7/11/2017,MZ,11,11,8,,681.125,17.125,1.5,0.25,16.375,0.00609756097560976,0.970020325203252,16.875,0.5,0.99390243902439,0.0238821138211382,21.125,15.75,2.625,0.875,1.875,10.5625,7.875,1.3125,0.4375,0.9375,434.125,6.625,0,40.625,375.125,22.7997132704757,0.347209810957876,0,2.33338302725396,19.6056335901586,128.625,14,29,5.75,79.875,68.125,7.4375,14.5,3.1875,43,0.108966242670582
154,3567,3,2,4,1,1,PR16B2N,PR16B2N-73,41,2016,PR,2,PR2,42.84507,-84.37847,8/23/2016,Bee,Apidae,Bombus,impatiens,BOIM,Female,10/27/2016,MZ,Y,Yes,5/2/2017,MZ,6,6,4,,681.125,17.125,1.5,0.25,16.375,0.00609756097560976,0.970020325203252,16.875,0.5,0.99390243902439,0.0238821138211382,21.125,15.75,2.625,0.875,1.875,10.5625,7.875,1.3125,0.4375,0.9375,434.125,6.625,0,40.625,375.125,22.7997132704757,0.347209810957876,0,2.33338302725396,19.6056335901586,128.625,14,29,5.75,79.875,68.125,7.4375,14.5,3.1875,43,0.108966242670582
155,3551,3,2,4,1,1,PR16A2N,PR16A2N-57,41,2016,PR,2,PR2,42.84507,-84.37847,8/23/2016,Bee,Apidae,Bombus,impatiens,BOIM,Female,10/25/2016,MZ,Y,Yes,5/15/2017,MZ,7,7,5,,681.125,17.125,1.5,0.25,16.375,0.00609756097560976,0.970020325203252,16.875,0.5,0.99390243902439,0.0238821138211382,21.125,15.75,2.625,0.875,1.875,10.5625,7.875,1.3125,0.4375,0.9375,434.125,6.625,0,40.625,375.125,22.7997132704757,0.347209810957876,0,2.33338302725396,19.6056335901586,128.625,14,29,5.75,79.875,68.125,7.4375,14.5,3.1875,43,0.108966242670582
156,3597,3,2,4,1,0,PR16B2N,PR16B2N-103,41,2016,PR,2,PR2,42.84507,-84.37847,8/23/2016,Bee,Apidae,Bombus,impatiens,BOIM,Female,10/27/2016,MZ,Y,Yes,6/19/2017,MZ,9,9,6,,681.125,17.125,1.5,0.25,16.375,0.00609756097560976,0.970020325203252,16.875,0.5,0.99390243902439,0.0238821138211382,21.125,15.75,2.625,0.875,1.875,10.5625,7.875,1.3125,0.4375,0.9375,434.125,6.625,0,40.625,375.125,22.7997132704757,0.347209810957876,0,2.33338302725396,19.6056335901586,128.625,14,29,5.75,79.875,68.125,7.4375,14.5,3.1875,43,0.108966242670582
157,3604,3,2,4,1,1,PR16B2N,PR16B2N-110,41,2016,PR,2,PR2,42.84507,-84.37847,8/23/2016,Bee,Apidae,Bombus,impatiens,BOIM,Female,10/28/2016,MZ,Y,Yes,6/19/2017,MZ,9,9,6,,681.125,17.125,1.5,0.25,16.375,0.00609756097560976,0.970020325203252,16.875,0.5,0.99390243902439,0.0238821138211382,21.125,15.75,2.625,0.875,1.875,10.5625,7.875,1.3125,0.4375,0.9375,434.125,6.625,0,40.625,375.125,22.7997132704757,0.347209810957876,0,2.33338302725396,19.6056335901586,128.625,14,29,5.75,79.875,68.125,7.4375,14.5,3.1875,43,0.108966242670582
158,3575,3,2,4,1,1,PR16B2N,PR16B2N-81,41,2016,PR,2,PR2,42.84507,-84.37847,8/23/2016,Bee,Apidae,Bombus,impatiens,BOIM,Female,10/27/2016,MZ,Y,Yes,7/11/2017,MZ,11,11,7,,681.125,17.125,1.5,0.25,16.375,0.00609756097560976,0.970020325203252,16.875,0.5,0.99390243902439,0.0238821138211382,21.125,15.75,2.625,0.875,1.875,10.5625,7.875,1.3125,0.4375,0.9375,434.125,6.625,0,40.625,375.125,22.7997132704757,0.347209810957876,0,2.33338302725396,19.6056335901586,128.625,14,29,5.75,79.875,68.125,7.4375,14.5,3.1875,43,0.108966242670582
159,3664,3,2,4,1,0,PR16C2N,PR16C2N-170,42,2016,PR,2,PR2,42.84507,-84.37847,8/23/2016,Bee,Apidae,Bombus,impatiens,BOIM,Female,10/28/2016,MZ,Y,Yes,7/31/2017,MZ,12,12,8,,681.125,17.125,1.5,0.25,16.375,0.00609756097560976,0.970020325203252,16.875,0.5,0.99390243902439,0.0238821138211382,21.125,15.75,2.625,0.875,1.875,10.5625,7.875,1.3125,0.4375,0.9375,434.125,6.625,0,40.625,375.125,22.7997132704757,0.347209810957876,0,2.33338302725396,19.6056335901586,128.625,14,29,5.75,79.875,68.125,7.4375,14.5,3.1875,43,0.108966242670582
160,3635,3,2,4,1,0,PR16C2N,PR16C2N-141,42,2016,PR,2,PR2,42.84507,-84.37847,8/23/2016,Bee,Apidae,Bombus,impatiens,BOIM,Female,10/28/2016,MZ,Y,Yes,7/31/2017,MZ,12,12,8,,681.125,17.125,1.5,0.25,16.375,0.00609756097560976,0.970020325203252,16.875,0.5,0.99390243902439,0.0238821138211382,21.125,15.75,2.625,0.875,1.875,10.5625,7.875,1.3125,0.4375,0.9375,434.125,6.625,0,40.625,375.125,22.7997132704757,0.347209810957876,0,2.33338302725396,19.6056335901586,128.625,14,29,5.75,79.875,68.125,7.4375,14.5,3.1875,43,0.108966242670582
161,3636,3,2,4,1,0,PR16C2N,PR16C2N-142,42,2016,PR,2,PR2,42.84507,-84.37847,8/23/2016,Bee,Apidae,Bombus,impatiens,BOIM,Female,10/28/2016,MZ,Y,Yes,7/31/2017,MZ,12,12,8,,681.125,17.125,1.5,0.25,16.375,0.00609756097560976,0.970020325203252,16.875,0.5,0.99390243902439,0.0238821138211382,21.125,15.75,2.625,0.875,1.875,10.5625,7.875,1.3125,0.4375,0.9375,434.125,6.625,0,40.625,375.125,22.7997132704757,0.347209810957876,0,2.33338302725396,19.6056335901586,128.625,14,29,5.75,79.875,68.125,7.4375,14.5,3.1875,43,0.108966242670582
